,Query,A,B,C,ID_ABC,ID_AB,ID_A,ID
0,国民年金の免除申請をしたいのですが、申請に必要な持ち物は何を持っていけば良いですか？,71 87,469,36,"['71', '87', '469', '36']","['71', '87', '469']","['71', '87']","['71', '87', '469', '36']"
1,忍たま乱太郎の施設などはオープンしないのですか,,1770 1769,,"['1770', '1769']","['1770', '1769']",[],"['1770', '1769']"
2,人口が伸び悩む尼崎市ですが、明石市の様な子ども医療費助成を取り入れる計画はありますか？,,,593 375,"['593', '375']",[],[],"['593', '375']"
3,戸籍謄本の発行をして欲しいのですが、代金はいくらかかかりますか？,119 386,,19 1131 883 42,"['119', '386', '19', '1131', '883', '42']","['119', '386']","['119', '386']","['119', '386', '19', '1131', '883', '42']"
4,原付の登録をしようと思っています。登録にかかる料金と必要な持ち物が知りたいので教えてください。,191,32 73,192,"['191', '32', '73', '192']","['191', '32', '73']",['191'],"['191', '32', '73', '192']"
5,センタープールのファン送迎バスはどの駅から出ていますか,1352,,,['1352'],['1352'],['1352'],['1352']
6,正直言って、尼崎市のイメージは良くないと思うのですが、市のブランドイメージ向上の為の具体的な施策はありますか？,628 1782,7 43 278 456,,"['628', '1782', '7', '43', '278', '456']","['628', '1782', '7', '43', '278', '456']","['628', '1782']","['628', '1782', '7', '43', '278', '456']"
7,飲食店を始めるにあたって、食品衛生関係の手続きをしたいのですが、どの窓口に行けばいいでしょうか。,1058,1521 378 1679,,"['1058', '1521', '378', '1679']","['1058', '1521', '378', '1679']",['1058'],"['1058', '1521', '378', '1679']"
8,国民健康保険証を紛失してしまったので、再発行に必要な持ち物とお金がいくらかかるか教えてくれませんか？,155,,209,"['155', '209']",['155'],['155'],"['155', '209']"
9,失業してから数ヶ月間仕事が見つからないので、生活保護の申請を考えています。対応窓口の営業時間と生活保護の申請に必要なものを教えて頂けないでしょうか？,298,,,['298'],['298'],['298'],['298']
10,国民年金の付加納付をしたいのですが、どのように手続きすればいいのか教えてください。,,469,314,"['469', '314']",['469'],[],"['469', '314']"
11,マイナンバーカードを失くしてしまって困っているのですが、相談に乗っている窓口と営業時間を教えてください。,,902 969,,"['902', '969']","['902', '969']",[],"['902', '969']"
12,昨日急に家族が亡くなったのですが、どのような手続きをすればいいのか分かりません。まずは何をすればいいのか教えて欲しいです。,,20 1407,488 193 505 102,"['20', '1407', '488', '193', '505', '102']","['20', '1407']",[],"['20', '1407', '488', '193', '505', '102']"
13,母子健康手帳を発行して頂きたいのですが、手続きには何が必要ですか？,370 306,,594 733 659 716,"['370', '306', '594', '733', '659', '716']","['370', '306']","['370', '306']","['370', '306', '594', '733', '659', '716']"
14,国民年金の納付書を誤って捨ててしまいました。どうしたらいいでしょうか？,985,,,['985'],['985'],['985'],['985']
15,新築住宅を購入することを考えているのですが、減額措置について教えて欲しいです。,237 1747,,,"['237', '1747']","['237', '1747']","['237', '1747']","['237', '1747']"
16,図書館で借りた本が、多忙で期限内に返せませんでした。何か手続きは必要でしょうか？,,842 1123,1472 1279 1172 1135 179 1389 109,"['842', '1123', '1472', '1279', '1172', '1135', '179', '1389', '109']","['842', '1123']",[],"['842', '1123', '1472', '1279', '1172', '1135', '179', '1389', '109']"
17,臨時福祉給付金の申請を忘れていたのですが、１日でも期限を過ぎるともうもらえないのでしょうか？,1260,,,['1260'],['1260'],['1260'],['1260']
18,転出証明書の発行をしたいと思っているのですが、料金はいくらかかりますか？,204,121 1270,8,"['204', '121', '1270', '8']","['204', '121', '1270']",['204'],"['204', '121', '1270', '8']"
19,先月会社を自己都合で退職しました。雇用保険の手続きをするにはどうしたらいいですか？,1223 1277,,,"['1223', '1277']","['1223', '1277']","['1223', '1277']","['1223', '1277']"
20,遠くに住んでいる友人に尼崎市の特産品を送りたいのですが、特産品を扱っているお店や通販ショップなどはありますか？,628,258 244 1618,,"['628', '258', '244', '1618']","['628', '258', '244', '1618']",['628'],"['628', '258', '244', '1618']"
21,海外から引っ越してきて、犬を飼っているのですが登録はどのようにすればいいですか？,514 1499,1134 1331,503,"['514', '1499', '1134', '1331', '503']","['514', '1499', '1134', '1331']","['514', '1499']","['514', '1499', '1134', '1331', '503']"
22,最近尼崎市に引越しをしてきたばかりでゴミの分別方法が良く分かりません。ゴミ分別の詳細を教えて欲しいです。,1784,3,,"['1784', '3']","['1784', '3']",['1784'],"['1784', '3']"
23,尼崎中央図書館の異臭はどうにかなりませんか,,620 109,,"['620', '109']","['620', '109']",[],"['620', '109']"
24,塚口さんさんタウンの老朽化が著しく、再開発が計画されていると聞きましたが、再開発計画と日程について教えて下さい。,,1164,,['1164'],['1164'],[],['1164']
25,お隣の西宮市では人口が増加していますが、尼崎市は人口流出が止まりません。市としての人口流出対策について聞かせて下さい。,,,1195 1777,"['1195', '1777']",[],[],"['1195', '1777']"
26,尼崎市の主要幹線道路である国道２号線､４３号線共にとても交通量が多く混み合いますが、市として、何か交通緩和策を計画していますか？,1142,1242,,"['1142', '1242']","['1142', '1242']",['1142'],"['1142', '1242']"
27,尼崎城は常時イベントなどは行う予定でしょうか,1723 1420,1620 915 1685 1563 1504 1366,,"['1723', '1420', '1620', '915', '1685', '1563', '1504', '1366']","['1723', '1420', '1620', '915', '1685', '1563', '1504', '1366']","['1723', '1420']","['1723', '1420', '1620', '915', '1685', '1563', '1504', '1366']"
28,市全体として緑が少なく、自然に触れ合える場所が殆どありません。市民が気軽に自然に触れ合える公園や施設を建設する予定はありますか？,1251,,861,"['1251', '861']",['1251'],['1251'],"['1251', '861']"
29,国民健康保険の金額を調べたい,,700 783 1599,,"['700', '783', '1599']","['700', '783', '1599']",[],"['700', '783', '1599']"
30,年金の支払い状況を確認したい,,834,667 354,"['834', '667', '354']",['834'],[],"['834', '667', '354']"
31,尼崎城天守再建工事は安保詮氏の私財寄付以外に税金も投入されるのですか？,,1674 1636 1723,1504 1366,"['1674', '1636', '1723', '1504', '1366']","['1674', '1636', '1723']",[],"['1674', '1636', '1723', '1504', '1366']"
32,子供食堂などのサービスはありますか,,111 956,,"['111', '956']","['111', '956']",[],"['111', '956']"
33,尼崎市の生活保護受給者数を教えて下さい。また、その内、外国籍は何人居ますか？,,298,,['298'],['298'],[],['298']
34,尼崎城が近々、完成しますが、市として尼崎城をどう活用していくのか教えて下さい。,1420,1723 1620 1685 915,1586 1504 1674 1636 1366,"['1420', '1723', '1620', '1685', '915', '1586', '1504', '1674', '1636', '1366']","['1420', '1723', '1620', '1685', '915']",['1420'],"['1420', '1723', '1620', '1685', '915', '1586', '1504', '1674', '1636', '1366']"
35,尼崎市にはＪＲ､阪急､阪神が走っており、東西の移動は容易ですが、逆に南北の移動が発展してないと思います。その点も含めた、市の今後の交通計画を教えて下さい。,,875,,['875'],['875'],[],['875']
36,国道４３号線周辺の公害問題は長年の課題ですが、今後の市の取り組み及び対策を教えて下さい。,1242 1142,934,,"['1242', '1142', '934']","['1242', '1142', '934']","['1242', '1142']","['1242', '1142', '934']"
37,住民票は市役所以外でもらえますか,213,62 150 396 517,447,"['213', '62', '150', '396', '517', '447']","['213', '62', '150', '396', '517']",['213'],"['213', '62', '150', '396', '517', '447']"
38,ゴミ袋はずっと透明のままでしょうか,,,1784,['1784'],[],[],['1784']
39,５０メートルプールがあるプールを教えてください,,,318 590 1039,"['318', '590', '1039']",[],[],"['318', '590', '1039']"
40,尼崎スポーツの森のプールは夏しか使えないのですか,,1569,,['1569'],['1569'],[],['1569']
41,尼崎市の治安は他の街と比べてどの程度なのでしょうか？,,1753 1379,,"['1753', '1379']","['1753', '1379']",[],"['1753', '1379']"
42,尼崎市には市民病院があるのでしょうか？,1036,,,['1036'],['1036'],['1036'],['1036']
43,尼崎市の市営住宅の平均倍率を教えてください。,,,337 50 172,"['337', '50', '172']",[],[],"['337', '50', '172']"
44,尼崎市には保育園はいくつあるのでしょうか？,,490 200 908 1225 674,1207 1445 790,"['490', '200', '908', '1225', '674', '1207', '1445', '790']","['490', '200', '908', '1225', '674']",[],"['490', '200', '908', '1225', '674', '1207', '1445', '790']"
45,認知症介護相談窓口はありますか？,1157,1264 973 1376 1073,9 108,"['1157', '1264', '973', '1376', '1073', '9', '108']","['1157', '1264', '973', '1376', '1073']",['1157'],"['1157', '1264', '973', '1376', '1073', '9', '108']"
46,尼崎市の市民税はいくらになるのか教えてください,522,178 22 954 95 770 773 385,678 331,"['522', '178', '22', '954', '95', '770', '773', '385', '678', '331']","['522', '178', '22', '954', '95', '770', '773', '385']",['522'],"['522', '178', '22', '954', '95', '770', '773', '385', '678', '331']"
47,国民健康保険料の算出は、自治体によって計算方法が異なりますが、尼崎市は何割方式を用いていますか？,634,740 997 700 1013 964 736,,"['634', '740', '997', '700', '1013', '964', '736']","['634', '740', '997', '700', '1013', '964', '736']",['634'],"['634', '740', '997', '700', '1013', '964', '736']"
48,尼崎市議会の政党構成について詳細を教えて下さい。,1343 825,453,,"['1343', '825', '453']","['1343', '825', '453']","['1343', '825']","['1343', '825', '453']"
49,尼崎市には自立支援制度はありますか？,454 411,,536,"['454', '411', '536']","['454', '411']","['454', '411']","['454', '411', '536']"
50,尼崎市には高額医療補助の制度はありますか？,557,,,['557'],['557'],['557'],['557']
51,尼崎市のご当地グルメや名産品が思い浮かびません。もし有るなら、教えて下さい。,628,,1618,"['628', '1618']",['628'],['628'],"['628', '1618']"
52,シングルマザーに対する支援は充実していますか,,23 1497,61,"['23', '1497', '61']","['23', '1497']",[],"['23', '1497', '61']"
53,駅や地域の不審者情報についての注意喚起を、もっとポスターや、看板など（その場所を利用する人に向けて）でしてほしいのですがどこにお願いしたらいいのですか？,,1379 186,,"['1379', '186']","['1379', '186']",[],"['1379', '186']"
54,レンタサイクルが可能な駅はありますか,,1773,,['1773'],['1773'],[],['1773']
55,市民農園は在学・在勤者は利用できないのですか,315,,316,"['315', '316']",['315'],['315'],"['315', '316']"
56,ベッドマットなど大型家具の処分をしたいのですが、回収場所まで運べません。どうしたらいいのでしょうか？,,210,,['210'],['210'],[],['210']
57,尼崎市記念公園のスポーツ施設もかなり古くなって来ていますが、施設建て替え等の計画はありますか？,,1742 1769 1770,,"['1742', '1769', '1770']","['1742', '1769', '1770']",[],"['1742', '1769', '1770']"
58,飛び入りでトレーニングルームの使用はできますか,,1776 1262,,"['1776', '1262']","['1776', '1262']",[],"['1776', '1262']"
59,親が認知症初期（介護認定無し）で尼崎市に独居しています、子供は皆遠方に住んでいるため心配なのですが、見守り制度などはあるのでしょうか？,1157,,1264,"['1157', '1264']",['1157'],['1157'],"['1157', '1264']"
60,マイナンバーカードを使った、コンビニで住民票などを取得できるシステムを使ってみたのですが、思いのほか難しすぎました。もう少し簡単にはならないでしょうか？,,1555,,['1555'],['1555'],[],['1555']
61,発達障害者に対する支援や取り組みなどはありますか,1736,162 1396 389 236,407 1238,"['1736', '162', '1396', '389', '236', '407', '1238']","['1736', '162', '1396', '389', '236']",['1736'],"['1736', '162', '1396', '389', '236', '407', '1238']"
62,ふるさと納税の特典としてどのようなものがありますか,65 189,,,"['65', '189']","['65', '189']","['65', '189']","['65', '189']"
63,マイナンバーカードを作りたいのですが、郵送後どのくらいで出来たものが発送されますか？,,,576 969,"['576', '969']",[],[],"['576', '969']"
64,母親の介護申請をしたいのですが、まずどこに行って手続きをすればよいのでしょうか？,9,108,,"['9', '108']","['9', '108']",['9'],"['9', '108']"
65,尼崎市内通勤・通学者に対する特典や優遇措置などはありますか,,179,,['179'],['179'],[],['179']
66,再建される尼崎城を、生かしたまちづくりは、どのようにお考えでしょうか。,1723,1685 1620 1550,1504 1586 1674,"['1723', '1685', '1620', '1550', '1504', '1586', '1674']","['1723', '1685', '1620', '1550']",['1723'],"['1723', '1685', '1620', '1550', '1504', '1586', '1674']"
67,失業して収入が減ったけど、国民健康保険料は安くならないんですか？,964,1065 1034 1013 235 700,634,"['964', '1065', '1034', '1013', '235', '700', '634']","['964', '1065', '1034', '1013', '235', '700']",['964'],"['964', '1065', '1034', '1013', '235', '700', '634']"
68,戸籍抄本を発行して頂きたいのですが、手続きに必要な物は何でしょうか？,119,656,386 19 1131,"['119', '656', '386', '19', '1131']","['119', '656']",['119'],"['119', '656', '386', '19', '1131']"
69,尼崎城に関するパンフレットを友人に送りたいのですが、送っていただくことは出来ますか？,,1420 1723 1586,,"['1420', '1723', '1586']","['1420', '1723', '1586']",[],"['1420', '1723', '1586']"
70,直系尊属という言葉の意味が良くわからないので教えて欲しいです。,,70,,['70'],['70'],[],['70']
71,現在、就職支援をしているイベントは開催していますか？,454 1219 429,,,"['454', '1219', '429']","['454', '1219', '429']","['454', '1219', '429']","['454', '1219', '429']"
72,これから会社を立ち上げたいのですが、尼崎市では補助金などありますか？,251,,,['251'],['251'],['251'],['251']
73,食品の放射性物質の検査は、どのようにして行なわれていますか？,,1521,,['1521'],['1521'],[],['1521']
74,所得証明書（課税・非課税）は最速で、何月何日から発行できますか？,35,137,99 10 412 64 124,"['35', '137', '99', '10', '412', '64', '124']","['35', '137']",['35'],"['35', '137', '99', '10', '412', '64', '124']"
75,尼崎市の名産品を知人に贈りたいのですが、なにか良いものはないですか？,628,1618 854,258,"['628', '1618', '854', '258']","['628', '1618', '854']",['628'],"['628', '1618', '854', '258']"
76,尼崎外の政治団体が尼崎城へ寄付することは可能ですか,1674,1636 1366 1723,1620 1504,"['1674', '1636', '1366', '1723', '1620', '1504']","['1674', '1636', '1366', '1723']",['1674'],"['1674', '1636', '1366', '1723', '1620', '1504']"
77,尼崎市で評判の良い隠れた観光地を教えて欲しいです。,359,,,['359'],['359'],['359'],['359']
78,尼崎に住んでいると言うと、尼崎って、治安が悪そうと良く言われるのですが、実際の所、尼崎市の犯罪率はどうなのか、教えて下さい。,,1753,,['1753'],['1753'],[],['1753']
79,昨年の収入が３００万程だったのですが、今年の国民健康保険料はいくらいになりますか？,,1013,740 700 235 964,"['1013', '740', '700', '235', '964']",['1013'],[],"['1013', '740', '700', '235', '964']"
80,尼崎城周辺に商業施設などの建設予定はありますか,,1723 1420,1586,"['1723', '1420', '1586']","['1723', '1420']",[],"['1723', '1420', '1586']"
81,戸籍謄本の取得金額は、種類によって金額が違うのは何故ですか？,,,119 386 883,"['119', '386', '883']",[],[],"['119', '386', '883']"
82,市役所年金課と年金事務所は何故つながっていないのですか？,,469 642,,"['469', '642']","['469', '642']",[],"['469', '642']"
83,特別養護老人ホームなどの入所施設を利用するにはどのような手続きが必要ですか,,67,,['67'],['67'],[],['67']
84,市営住宅に入居を希望するのですが、入居条件を教えて下さい。,50 172,337,,"['50', '172', '337']","['50', '172', '337']","['50', '172']","['50', '172', '337']"
85,市運営のデイサービスを利用出来る条件と料金を教えて下さい。,,9,,['9'],['9'],[],['9']
86,住民票の写しは郵送してもらえますか？,62,396,447 444 213,"['62', '396', '447', '444', '213']","['62', '396']",['62'],"['62', '396', '447', '444', '213']"
87,粗大ごみの出し方を教えて下さい。,1784,210 1391 3,,"['1784', '210', '1391', '3']","['1784', '210', '1391', '3']",['1784'],"['1784', '210', '1391', '3']"
88,当市の緑の基本計画に関して教えて下さい。,1251,,,['1251'],['1251'],['1251'],['1251']
89,住宅を建てたいので、土地の用途地域を確認したいのですが、どの部署に問い合わせれば良いですか？,461 852,334 771,,"['461', '852', '334', '771']","['461', '852', '334', '771']","['461', '852']","['461', '852', '334', '771']"
90,電子ピアノはどうやって捨てれば良いのか？,1784,,,['1784'],['1784'],['1784'],['1784']
91,しつこい訪問販売について、何か自治体で対策をとっているようなことがあるのでしょうか？,,353 163,,"['353', '163']","['353', '163']",[],"['353', '163']"
92,実印登録に費用は掛かりますか？,5 582,,573 529 89,"['5', '582', '573', '529', '89']","['5', '582']","['5', '582']","['5', '582', '573', '529', '89']"
93,引越しした際の手続きはいつするべきか？,2 138 8,199 33 24,671 503 1331 380,"['2', '138', '8', '199', '33', '24', '671', '503', '1331', '380']","['2', '138', '8', '199', '33', '24']","['2', '138', '8']","['2', '138', '8', '199', '33', '24', '671', '503', '1331', '380']"
94,独り暮らしで、大型のゴミを指定された場所に一人で持っていけない場合には、どうしたらいいのでしょうか？,,210,,['210'],['210'],[],['210']
95,市民税や固定資産税は市役所の窓口以外に、どこで支払いが可能ですか？,563 88 706,,,"['563', '88', '706']","['563', '88', '706']","['563', '88', '706']","['563', '88', '706']"
96,住民票を、ＤＶやストーカーの加害者に対して、開示しないようにしたい。,,1041 1597 1254,1215,"['1041', '1597', '1254', '1215']","['1041', '1597', '1254']",[],"['1041', '1597', '1254', '1215']"
97,隣人が認知症でひとり暮らしなので火災など色々不安です、どうしたらいいですか？,1157 240,1264 1073 1376 1441,,"['1157', '240', '1264', '1073', '1376', '1441']","['1157', '240', '1264', '1073', '1376', '1441']","['1157', '240']","['1157', '240', '1264', '1073', '1376', '1441']"
98,時間外窓口の場所を、教えてください。,153 213,,,"['153', '213']","['153', '213']","['153', '213']","['153', '213']"
99,大型ごみの手続きはどこに電話すればいいんでしたっけ？,1391,210 1784,,"['1391', '210', '1784']","['1391', '210', '1784']",['1391'],"['1391', '210', '1784']"
100,ゴミを捨てる時の分別方法は地域によって違いますか？,1784,,,['1784'],['1784'],['1784'],['1784']
101,害虫駆除は何が対象ですか？,1117 420 1185,1594 177,1293,"['1117', '420', '1185', '1594', '177', '1293']","['1117', '420', '1185', '1594', '177']","['1117', '420', '1185']","['1117', '420', '1185', '1594', '177', '1293']"
102,乾電池は、燃えないゴミで出してもいいのでしょうか？,1784,210,,"['1784', '210']","['1784', '210']",['1784'],"['1784', '210']"
103,バイクを売った時、税金の支払いに関する手続きは必要ですか？,242,167 74,192 92 148,"['242', '167', '74', '192', '92', '148']","['242', '167', '74']",['242'],"['242', '167', '74', '192', '92', '148']"
104,引っ越した時ってどんな手続きが必要ですか？,2 8 138,204,192 199 24 33 671 503 651,"['2', '8', '138', '204', '192', '199', '24', '33', '671', '503', '651']","['2', '8', '138', '204']","['2', '8', '138']","['2', '8', '138', '204', '192', '199', '24', '33', '671', '503', '651']"
105,害虫駆除はどれくらいお金がかかりますか？,,727 1185 1594 1612,1117 420 177,"['727', '1185', '1594', '1612', '1117', '420', '177']","['727', '1185', '1594', '1612']",[],"['727', '1185', '1594', '1612', '1117', '420', '177']"
106,家の軒下に、スズメバチが巣を作りました、相談できる窓口を、教えてください。,177,,,['177'],['177'],['177'],['177']
107,地域のイベントはどうやって確認できますか？,,256 496,,"['256', '496']","['256', '496']",[],"['256', '496']"
108,引っ越しをするときに必要な手続きを教えてください。,2 8 138,,294 671 199 24 651 33 192,"['2', '8', '138', '294', '671', '199', '24', '651', '33', '192']","['2', '8', '138']","['2', '8', '138']","['2', '8', '138', '294', '671', '199', '24', '651', '33', '192']"
109,家の屋根にスズメバチの巣があるんだけどどこに連絡したらいいんですか？,177,,,['177'],['177'],['177'],['177']
110,引っ越しの手数料はどのくらいかかりますか？,204 121,138,,"['204', '121', '138']","['204', '121', '138']","['204', '121']","['204', '121', '138']"
111,災害時の避難場所を知りたい。,203 106 130 147 295 312 382,,,"['203', '106', '130', '147', '295', '312', '382']","['203', '106', '130', '147', '295', '312', '382']","['203', '106', '130', '147', '295', '312', '382']","['203', '106', '130', '147', '295', '312', '382']"
112,税金の学生免除はどのように手続きを行えば良いですか？,36,,678,"['36', '678']",['36'],['36'],"['36', '678']"
113,市立中学校では給食の配給はありますか？,848 555,,,"['848', '555']","['848', '555']","['848', '555']","['848', '555']"
114,家にハチの巣ができたので取ってほしい。,177,,,['177'],['177'],['177'],['177']
115,大型ゴミに該当するものを教えて欲しいです。,1784,210,,"['1784', '210']","['1784', '210']",['1784'],"['1784', '210']"
116,ふるさと納税のやり方を教えて下さい。,65 189,,,"['65', '189']","['65', '189']","['65', '189']","['65', '189']"
117,１８歳以下の子供に対する医療費助成制度はありますか？,593 375 565,,,"['593', '375', '565']","['593', '375', '565']","['593', '375', '565']","['593', '375', '565']"
118,近所でイノシシなどを見かけたときはどこに連絡したらいいですか？,838,,,['838'],['838'],['838'],['838']
119,介護サービスを使いたいけど、何ができるのかわかりません,9 108 69,,,"['9', '108', '69']","['9', '108', '69']","['9', '108', '69']","['9', '108', '69']"
120,これから猫を飼うんですが、何か手続きは必要ですか？,,1134,1110,"['1134', '1110']",['1134'],[],"['1134', '1110']"
121,市役所で就職相談はしていますか？,429 955,,,"['429', '955']","['429', '955']","['429', '955']","['429', '955']"
122,介護サービスを使いたいので、近くの事業所などを教えてほしい。,108,9,72 33 24,"['108', '9', '72', '33', '24']","['108', '9']",['108'],"['108', '9', '72', '33', '24']"
123,ベランダのプランターの上に、鳩が卵を産んでしまいました。毎日親鳥はお世話をしにやってきますが、洗濯物などが汚れて困っています。駆除をしたいのですがどうすればいいのでしょうか？,268,838 1293,,"['268', '838', '1293']","['268', '838', '1293']",['268'],"['268', '838', '1293']"
124,公園のトイレが匂うので掃除をしてほしい。,1243 1155,1230 1339,,"['1243', '1155', '1230', '1339']","['1243', '1155', '1230', '1339']","['1243', '1155']","['1243', '1155', '1230', '1339']"
125,電子レンジが壊れたんですが、燃えないごみとして出してもいいですか？,1784,,,['1784'],['1784'],['1784'],['1784']
126,街路樹の枝で信号が見えにくくなっていますが大丈夫でしょうか？,425,1273,,"['425', '1273']","['425', '1273']",['425'],"['425', '1273']"
127,犬を追加で２匹飼うんですが、何か手続きは必要ですか？,514 1499,,1134 503 877,"['514', '1499', '1134', '503', '877']","['514', '1499']","['514', '1499']","['514', '1499', '1134', '503', '877']"
128,ゴミ分別表を郵送して頂けますか？,,,1784,['1784'],[],[],['1784']
129,生活保護は本来、日本国民にのみ支給されるものですが、現状では在日外国人にも支給されています。それに対する、市の見解を聞かせて下さい。,,,243 298,"['243', '298']",[],[],"['243', '298']"
130,職場のパワハラ相談を受けている窓口はありますか？,285 743 926,937,,"['285', '743', '926', '937']","['285', '743', '926', '937']","['285', '743', '926']","['285', '743', '926', '937']"
131,住民票の発行にはいくらかかりますか？,447,,396 1426 517 150 62,"['447', '396', '1426', '517', '150', '62']",['447'],['447'],"['447', '396', '1426', '517', '150', '62']"
132,出生届はどこへ出せばいいのでしょうか？,831 889,,886 952,"['831', '889', '886', '952']","['831', '889']","['831', '889']","['831', '889', '886', '952']"
133,住宅街の道路の街灯が切れたらどこへ相談すればよいですか？,1170,1602 1062 1050,,"['1170', '1602', '1062', '1050']","['1170', '1602', '1062', '1050']",['1170'],"['1170', '1602', '1062', '1050']"
134,国民健康保険料の詳細を聞きたいです。,,997 1065 964,634 451 248 450 553 740 13 700 1013 1181,"['997', '1065', '964', '634', '451', '248', '450', '553', '740', '13', '700', '1013', '1181']","['997', '1065', '964']",[],"['997', '1065', '964', '634', '451', '248', '450', '553', '740', '13', '700', '1013', '1181']"
135,ゴミの分別方法を教えてください,1784,978 1391 3,63,"['1784', '978', '1391', '3', '63']","['1784', '978', '1391', '3']",['1784'],"['1784', '978', '1391', '3', '63']"
136,公園の遊具の安全性のチェックは、継続的にされているのでしょうか？,1230,,,['1230'],['1230'],['1230'],['1230']
137,年間のスポーツなどのイベント表があれば郵送して欲しいです。,1235,,603,"['1235', '603']",['1235'],['1235'],"['1235', '603']"
138,転入手続きの方法を教えてください,2,184 349,651 406 192,"['2', '184', '349', '651', '406', '192']","['2', '184', '349']",['2'],"['2', '184', '349', '651', '406', '192']"
139,マイナンバーカードを紛失した場合どうすればいいですか,,902,692 969,"['902', '692', '969']",['902'],[],"['902', '692', '969']"
140,障碍者手帳の発行方法を教えてください,,30,,['30'],['30'],[],['30']
141,転出届は郵送でできますか,8,121,204,"['8', '121', '204']","['8', '121']",['8'],"['8', '121', '204']"
142,休日に診察している病院を教えてください,28,,653,"['28', '653']",['28'],['28'],"['28', '653']"
143,所得証明はどうやって発行するんですか？,35,64 10,124 99 137,"['35', '64', '10', '124', '99', '137']","['35', '64', '10']",['35'],"['35', '64', '10', '124', '99', '137']"
144,住民票基本台帳はどこで閲覧できますか,,53 640,,"['53', '640']","['53', '640']",[],"['53', '640']"
145,生活保護の申請には何が必要ですか？,298,,243,"['298', '243']",['298'],['298'],"['298', '243']"
146,介護に関しての補助制度はありますか？,69 21,108 462,9,"['69', '21', '108', '462', '9']","['69', '21', '108', '462']","['69', '21']","['69', '21', '108', '462', '9']"
147,確定申告の詳細を教えてくれる部署を教えて欲しいです。,,731 133,,"['731', '133']","['731', '133']",[],"['731', '133']"
148,休日に印鑑登録できますか,42 89,,582 5 196 573,"['42', '89', '582', '5', '196', '573']","['42', '89']","['42', '89']","['42', '89', '582', '5', '196', '573']"
149,印鑑証明書が欲しいのですが何が必要でしょうか？,529,,213,"['529', '213']",['529'],['529'],"['529', '213']"
150,高齢者の雇用支援などはありますか,171,,429 830,"['171', '429', '830']",['171'],['171'],"['171', '429', '830']"
151,今年から幼稚園に就園したけど就園奨励補助金調書って自分で取に行くものなのか、通知が来るものなのか分からない。,681 1368,,,"['681', '1368']","['681', '1368']","['681', '1368']","['681', '1368']"
152,災害避難区域はどこで確認できますか,106 130 203,382,295 312 147,"['106', '130', '203', '382', '295', '312', '147']","['106', '130', '203', '382']","['106', '130', '203']","['106', '130', '203', '382', '295', '312', '147']"
153,公共交通機関をお得に乗れる情報を教えていただけますか？,1189 1552,,931,"['1189', '1552', '931']","['1189', '1552']","['1189', '1552']","['1189', '1552', '931']"
154,生活保護はどうすれば受けられますか？,298,243,755 878,"['298', '243', '755', '878']","['298', '243']",['298'],"['298', '243', '755', '878']"
155,飼っている犬がなくなったのですが、手続きは必要ですか？,1110,,1134 514,"['1110', '1134', '514']",['1110'],['1110'],"['1110', '1134', '514']"
156,生活保護はどこで受給できますか,298,,243,"['298', '243']",['298'],['298'],"['298', '243']"
157,引っ越したら何を何日までに手続きする必要があるのか知りたいです。,138 2 8,,192 199 33 24 503 651 201 308,"['138', '2', '8', '192', '199', '33', '24', '503', '651', '201', '308']","['138', '2', '8']","['138', '2', '8']","['138', '2', '8', '192', '199', '33', '24', '503', '651', '201', '308']"
158,ベランダに足長蜂が巣を作ってしまって怖いのだけど、市に言ったら取ってくれるのかな？,177,,,['177'],['177'],['177'],['177']
159,健康診断等は行っていますか,249 574 302 54 165,804,709 1212 961 609 464,"['249', '574', '302', '54', '165', '804', '709', '1212', '961', '609', '464']","['249', '574', '302', '54', '165', '804']","['249', '574', '302', '54', '165']","['249', '574', '302', '54', '165', '804', '709', '1212', '961', '609', '464']"
160,福祉器具の貸し出しは行っていますか？,,851,,['851'],['851'],[],['851']
161,お花見が出来る大きな公園を教えて欲しいです。,861,,,['861'],['861'],['861'],['861']
162,引っ越してきて大量の段ボールが出てしまったのだけど、普通にゴミに出しても良いのかな？,1784,,,['1784'],['1784'],['1784'],['1784']
163,家族で運動が楽しめる施設を教えて欲しいです。,1569 1262,,965,"['1569', '1262', '965']","['1569', '1262']","['1569', '1262']","['1569', '1262', '965']"
164,災害時の避難場所を教えてください,203 106 130 147 295 312 382,,,"['203', '106', '130', '147', '295', '312', '382']","['203', '106', '130', '147', '295', '312', '382']","['203', '106', '130', '147', '295', '312', '382']","['203', '106', '130', '147', '295', '312', '382']"
165,バスの路線図はどこでもらえますか？,,1291,,['1291'],['1291'],[],['1291']
166,健康診断を受けたいのですが、どうすればいいですか？,774 433 884,165 366 837,465 1212,"['774', '433', '884', '165', '366', '837', '465', '1212']","['774', '433', '884', '165', '366', '837']","['774', '433', '884']","['774', '433', '884', '165', '366', '837', '465', '1212']"
167,国民年金の納付を忘れたんですが、どうしたらいいいですか？,,469,1457,"['469', '1457']",['469'],[],"['469', '1457']"
168,国民健康保険料はどのように決まるのか詳細が知りたいです。,,634 700 1013 997 740 1065 782 964,,"['634', '700', '1013', '997', '740', '1065', '782', '964']","['634', '700', '1013', '997', '740', '1065', '782', '964']",[],"['634', '700', '1013', '997', '740', '1065', '782', '964']"
169,軽自動車税の税率を教えてください,74,,,['74'],['74'],['74'],['74']
170,アウトドアを楽しめる、自然豊かな公園があれば教えて欲しいです。,607,861,1494,"['607', '861', '1494']","['607', '861']",['607'],"['607', '861', '1494']"
171,職業訓練校に通いたいのですが、どこに相談すればいいですか？,933,,,['933'],['933'],['933'],['933']
172,粗大ごみはどうやって出せばいいのですか,1784,210 1391,63,"['1784', '210', '1391', '63']","['1784', '210', '1391']",['1784'],"['1784', '210', '1391', '63']"
173,免許の更新はどこで行えばいいですか？,1745,,,['1745'],['1745'],['1745'],['1745']
174,中身のあるスプレー缶はどのようにして捨てたらよいでしょうか。,1784,63,,"['1784', '63']","['1784', '63']",['1784'],"['1784', '63']"
175,年金の免除申請はどうすればいいのでしょうか？,71 36 87,314 469,,"['71', '36', '87', '314', '469']","['71', '36', '87', '314', '469']","['71', '36', '87']","['71', '36', '87', '314', '469']"
176,結婚の届出に必要な持ち物は何ですか？,,635,,['635'],['635'],[],['635']
177,保育料の減免制度はありますか？,549,941 1340 1281,145 862 1421 1096,"['549', '941', '1340', '1281', '145', '862', '1421', '1096']","['549', '941', '1340', '1281']",['549'],"['549', '941', '1340', '1281', '145', '862', '1421', '1096']"
178,ハチの巣の撤去はお願いできますか,177,,,['177'],['177'],['177'],['177']
179,児童手当の申請方法を教えてください,126 91,,263 222 1757 1765 568 1588 1396,"['126', '91', '263', '222', '1757', '1765', '568', '1588', '1396']","['126', '91']","['126', '91']","['126', '91', '263', '222', '1757', '1765', '568', '1588', '1396']"
180,粗大ごみの出し方はどうすれば良いのでしょうか？,1784,210,63,"['1784', '210', '63']","['1784', '210']",['1784'],"['1784', '210', '63']"
181,鳩が集まってくるのですが駆除できますか,268,838,,"['268', '838']","['268', '838']",['268'],"['268', '838']"
182,亡くなったペットはどうやって処分すればいいのでしょうか？,,1110 1134,,"['1110', '1134']","['1110', '1134']",[],"['1110', '1134']"
183,河川に浮遊ゴミを発見したのですがどうすればいいのでしょうか,,1628,,['1628'],['1628'],[],['1628']
184,婚姻届けはどこへ出せばいいのでしょうか？,,153 952,,"['153', '952']","['153', '952']",[],"['153', '952']"
185,アスベストを調べることはできますか,,1669 1568 1138,1546 1585,"['1669', '1568', '1138', '1546', '1585']","['1669', '1568', '1138']",[],"['1669', '1568', '1138', '1546', '1585']"
186,公園の団体使用はできますか,56,,1029,"['56', '1029']",['56'],['56'],"['56', '1029']"
187,戸籍謄本はどこで手に入りますか？,119 19 1131,386 89,,"['119', '19', '1131', '386', '89']","['119', '19', '1131', '386', '89']","['119', '19', '1131']","['119', '19', '1131', '386', '89']"
188,免除された年金の追加納付はどうすれば良いのでしょうか？,,71,36 314 44 87,"['71', '36', '314', '44', '87']",['71'],[],"['71', '36', '314', '44', '87']"
189,市バスっていくらやったっけ？子どもは何歳から運賃取られるん？,,1291,,['1291'],['1291'],[],['1291']
190,自転車が撤去された場合どうすればいいですか,159 471 173 347,225 254 290,758 710 894,"['159', '471', '173', '347', '225', '254', '290', '758', '710', '894']","['159', '471', '173', '347', '225', '254', '290']","['159', '471', '173', '347']","['159', '471', '173', '347', '225', '254', '290', '758', '710', '894']"
191,放置自転車を撤去してもらえますか,293 1730 723 802,,,"['293', '1730', '723', '802']","['293', '1730', '723', '802']","['293', '1730', '723', '802']","['293', '1730', '723', '802']"
192,運転免許の更新は伊丹と明石の免許更新センター以外にも更新出来る場所はあるんですか？,1745,,,['1745'],['1745'],['1745'],['1745']
193,原付バイクをもらった時の手続きはどうすればいいですか,32,191,,"['32', '191']","['32', '191']",['32'],"['32', '191']"
194,市営住宅に共益費はありますか,,337,856,"['337', '856']",['337'],[],"['337', '856']"
195,自転車買ったら、強制保険加入だったよな？,1587,1045 1630,1108,"['1587', '1045', '1630', '1108']","['1587', '1045', '1630']",['1587'],"['1587', '1045', '1630', '1108']"
196,屋外広告物の設置について教えてください,1388,,,['1388'],['1388'],['1388'],['1388']
197,下水道には何でも流せますか,,1448,,['1448'],['1448'],[],['1448']
198,デイサービスを、利用するのに、必要な手続きを、教えてください。,9,,,['9'],['9'],['9'],['9']
199,セクハラ・パワハラはどこに相談すればいいですか,,285,,['285'],['285'],[],['285']
200,住民票や戸籍簿の自動発行は対応されていますか？,,,213 42,"['213', '42']",[],[],"['213', '42']"
201,起業資金の融資などは受けられますか,251,,,['251'],['251'],['251'],['251']
202,住民税の減免はできますか,,98 79,,"['98', '79']","['98', '79']",[],"['98', '79']"
203,資源ごみの日だけ回収に来ないが、市に連絡すると回収してくれるようになるのか？,,210,63,"['210', '63']",['210'],[],"['210', '63']"
204,税金の二重払いは返金してもらえますか,,699 416,,"['699', '416']","['699', '416']",[],"['699', '416']"
205,危険物・小型ゴミもゴミ袋に入れないと駄目？,1784,,,['1784'],['1784'],['1784'],['1784']
206,地震や台風などの災害時に、市が提供する災害情報のＵＲＬを教えて下さい。,647,578,,"['647', '578']","['647', '578']",['647'],"['647', '578']"
207,高額療養費制度に申請したいのですが、市の窓口と申込み方法を教えて下さい。,,557,,['557'],['557'],[],['557']
208,毎晩夜中になるとバイクがうるさい音を立てて走るので目を覚まします。どこに相談すればいいでしょうか,934 1487,,,"['934', '1487']","['934', '1487']","['934', '1487']","['934', '1487']"
209,放置自転車はどこに連絡したら取りに来てくれますか？,293,802 723 1730,,"['293', '802', '723', '1730']","['293', '802', '723', '1730']",['293'],"['293', '802', '723', '1730']"
210,公立中学に通う子どもがいじめにあっているようなのですが、いじめを理由に転校することは可能なのでしょうか？,,221 340 881,406,"['221', '340', '881', '406']","['221', '340', '881']",[],"['221', '340', '881', '406']"
211,住民票の発行は日曜日もできるの？,213 42 150,,,"['213', '42', '150']","['213', '42', '150']","['213', '42', '150']","['213', '42', '150']"
212,大型ゴミの出し方を教えて下さい。,1784,,,['1784'],['1784'],['1784'],['1784']
213,海外転勤が決まりました。市民税の支払いはどうしたら良いでしょうか？,385,563 543 980 88,,"['385', '563', '543', '980', '88']","['385', '563', '543', '980', '88']",['385'],"['385', '563', '543', '980', '88']"
214,広報がうちに来ていませんが。,747,,,['747'],['747'],['747'],['747']
215,戸籍謄本の届出は日曜日でもできるの？,153 635 952,,42 386,"['153', '635', '952', '42', '386']","['153', '635', '952']","['153', '635', '952']","['153', '635', '952', '42', '386']"
216,ペットが行方不明になったときは？,1670,,,['1670'],['1670'],['1670'],['1670']
217,育児手当は何歳まで支給される？,742 1665,,1588,"['742', '1665', '1588']","['742', '1665']","['742', '1665']","['742', '1665', '1588']"
218,住民票が必要ですが、時間外とか土日に取ることは出来ますか？,213 150,,517,"['213', '150', '517']","['213', '150']","['213', '150']","['213', '150', '517']"
219,ペットボトルの飲み口周りのプラスチックはつけたままゴミに出してもいいんですか？,1784,63,,"['1784', '63']","['1784', '63']",['1784'],"['1784', '63']"
220,放置自転車を撤去してもらうにはどうすればいいですか？,293,1730,802 723,"['293', '1730', '802', '723']","['293', '1730']",['293'],"['293', '1730', '802', '723']"
221,戸籍謄本をとれば家族全員を証明することができるんやろか？,386,,119 883,"['386', '119', '883']",['386'],['386'],"['386', '119', '883']"
222,最近引っ越しをしたが選挙はどこで投票すればよいか。,982 494 457,1292,,"['982', '494', '457', '1292']","['982', '494', '457', '1292']","['982', '494', '457']","['982', '494', '457', '1292']"
223,悪質な訪問販売に困っているのですが、どうすればよいですか？,163,353,,"['163', '353']","['163', '353']",['163'],"['163', '353']"
224,生活苦の場合、お金を貸してくれると聞いたのですがどこに行けば良いのですか？,243 298,,,"['243', '298']","['243', '298']","['243', '298']","['243', '298']"
225,入籍届の届出は日曜日でもできるの？,635 952 153,,42,"['635', '952', '153', '42']","['635', '952', '153']","['635', '952', '153']","['635', '952', '153', '42']"
226,近所の雑木林から害虫が出てくるけど、どうしたらいい？,1117 727,1594 995 1326 1612,,"['1117', '727', '1594', '995', '1326', '1612']","['1117', '727', '1594', '995', '1326', '1612']","['1117', '727']","['1117', '727', '1594', '995', '1326', '1612']"
227,引っ越すので大きなごみが出ます。車があるのですがどこにもって行けばいいでしょうか,1391,,,['1391'],['1391'],['1391'],['1391']
228,町内でイベントやりたいんやけどどこに言うたらええんかな？,,267 56,1029,"['267', '56', '1029']","['267', '56']",[],"['267', '56', '1029']"
229,賃貸マンションのベランダで巨大なスズメバチの巣が発見された場合、どうしたら良いのでしょうか？,177,,,['177'],['177'],['177'],['177']
230,市の条例や規則はどこで確認できますか？,,993 1403 43 1386,,"['993', '1403', '43', '1386']","['993', '1403', '43', '1386']",[],"['993', '1403', '43', '1386']"
231,離婚届の届出は日曜日でもできるの？,635 952 153,,42,"['635', '952', '153', '42']","['635', '952', '153']","['635', '952', '153']","['635', '952', '153', '42']"
232,役所に訪れた時、とても嫌な気持ちになる職員さんがいる場合、対応する職員さんの変更や指名はできますか？,,1688,,['1688'],['1688'],[],['1688']
233,確定申告はどこでやっているの？,,1136 348 133,339 325,"['1136', '348', '133', '339', '325']","['1136', '348', '133']",[],"['1136', '348', '133', '339', '325']"
234,夜、暗い道路があるのですが電灯をつけてもらえますか。,1602 1062,1170,,"['1602', '1062', '1170']","['1602', '1062', '1170']","['1602', '1062']","['1602', '1062', '1170']"
235,母が認知症の診断を受けました。どのようなサポートを受けることができますか？,1157,1264 1073 1376,,"['1157', '1264', '1073', '1376']","['1157', '1264', '1073', '1376']",['1157'],"['1157', '1264', '1073', '1376']"
236,家庭ゴミを処理場に自分で持っていっても大丈夫ですか？,1391,,,['1391'],['1391'],['1391'],['1391']
237,お店開業するんやけどどこで何を申請したらええんかな？,1248,1058,,"['1248', '1058']","['1248', '1058']",['1248'],"['1248', '1058']"
238,セアカゴケグモを見つけたら報告は必要でしょうか？,,1612 1594 1326,1531 1117,"['1612', '1594', '1326', '1531', '1117']","['1612', '1594', '1326']",[],"['1612', '1594', '1326', '1531', '1117']"
239,楽器の練習に使える場所はありませんか？安くて長く使えるところがいいです。,,252,,['252'],['252'],[],['252']
240,動物の死骸が近所の道にあって困っているが対応して貰えないのか,511,,,['511'],['511'],['511'],['511']
241,市役所の窓口サービスについて知りたいんやけど？,,,42 213 153,"['42', '213', '153']",[],[],"['42', '213', '153']"
242,横断歩道や歩道橋を付けて欲しい場所があるのだけどお願いできるの？,1084,,,['1084'],['1084'],['1084'],['1084']
243,隣の空き家の雑草が伸びで我が家の敷地に入ってきているのでどうにかしてほしい。,1296,,,['1296'],['1296'],['1296'],['1296']
244,不審者情報とかを知ることはできますか？,,1753,,['1753'],['1753'],[],['1753']
245,公園でボール遊びができないので、他に遊べる場所はないの？,,94,,['94'],['94'],[],['94']
246,道路がひどい状態になっているのですが工事してもらえるのですか。,,1746,,['1746'],['1746'],[],['1746']
247,隣人の出したごみが、我が家の敷地に入ってきたときは？,1120,,,['1120'],['1120'],['1120'],['1120']
248,障碍者理解のための勉強会などは実施していますか？,,1235,,['1235'],['1235'],[],['1235']
249,ペットが逃げてしまったのですが、どうすればよいですか。,1670,1134,,"['1670', '1134']","['1670', '1134']",['1670'],"['1670', '1134']"
250,市議会議員に立候補したいんやけどどこに言うたらええんかな？,,453,,['453'],['453'],[],['453']
251,育児相談にのって貰いたいんだけどどうすればいい？,162,516 631,,"['162', '516', '631']","['162', '516', '631']",['162'],"['162', '516', '631']"
252,災害時の避難場所を知りたんですけど。,382 147 203 312 130 295 106,,,"['382', '147', '203', '312', '130', '295', '106']","['382', '147', '203', '312', '130', '295', '106']","['382', '147', '203', '312', '130', '295', '106']","['382', '147', '203', '312', '130', '295', '106']"
253,身体障害者手帳の申請方法について教えてほしいんやけど。,,236,,['236'],['236'],[],['236']
254,スプレー缶ってどうやって捨てればいいのでしょうか？,,63,,['63'],['63'],[],['63']
255,児童手当の支給月は何月ですか？,91,1765 1757 1588 380 222,742 568 1665,"['91', '1765', '1757', '1588', '380', '222', '742', '568', '1665']","['91', '1765', '1757', '1588', '380', '222']",['91'],"['91', '1765', '1757', '1588', '380', '222', '742', '568', '1665']"
256,マイナンバーカードの手続きについて教えてください。,,692,576 902 987 969,"['692', '576', '902', '987', '969']",['692'],[],"['692', '576', '902', '987', '969']"
257,産後の手続きについて。どこまで何を自分でやらなければいけない？,1175 831,368 57,,"['1175', '831', '368', '57']","['1175', '831', '368', '57']","['1175', '831']","['1175', '831', '368', '57']"
258,公営住宅の申込資格はどうなっていますか？,172 50,,337,"['172', '50', '337']","['172', '50']","['172', '50']","['172', '50', '337']"
259,手術をして医療費が高くかかってしまったのですが、何か助成はありますか？,557,,,['557'],['557'],['557'],['557']
260,市営図書館でのイベントを教えてください,1683,,,['1683'],['1683'],['1683'],['1683']
261,道路に動物の死がいがあるのですが、どこに連絡すればよいですか。,,511,,['511'],['511'],[],['511']
262,キャッチボールのできる公園はありますか,,94,,['94'],['94'],[],['94']
263,ボランティアしたいんやけどどこに問い合わせしたらええんかな？,230,734 1057,,"['230', '734', '1057']","['230', '734', '1057']",['230'],"['230', '734', '1057']"
264,ラーメンの残り汁は、流し台とトイレとどっちに流したらいいですか？,,1448,,['1448'],['1448'],[],['1448']
265,災害時に車で避難してもいいんやろか？,,578,174,"['578', '174']",['578'],[],"['578', '174']"
266,はしかは流行していますか？,,,876,['876'],[],[],['876']
267,粗大ゴミを出したいのですが、手続き方法を教えてもらえますか？,1784,1391,,"['1784', '1391']","['1784', '1391']",['1784'],"['1784', '1391']"
268,側溝にゴミが詰まって水が溢れているのでどうにかしてほしい。,1672,,,['1672'],['1672'],['1672'],['1672']
269,保育園に入れたいけれど、手続きはどこでどうすればいい？,966,908 674 873 660 1445,1225 1186,"['966', '908', '674', '873', '660', '1445', '1225', '1186']","['966', '908', '674', '873', '660', '1445']",['966'],"['966', '908', '674', '873', '660', '1445', '1225', '1186']"
270,市役所の駐車場はあるんやろか？,487 499,1066,,"['487', '499', '1066']","['487', '499', '1066']","['487', '499']","['487', '499', '1066']"
271,住民税の振込用紙を紛失しました。,1495,,735,"['1495', '735']",['1495'],['1495'],"['1495', '735']"
272,子供の教育について相談したいのですがどこに行けばいいでしょうか,221 340,,,"['221', '340']","['221', '340']","['221', '340']","['221', '340']"
273,免許証の返納はどこに申し出ればいいですか？,,,1745,['1745'],[],[],['1745']
274,道が暗くてこわいので、街灯を設置してほしいのですけど。,1602 1062,,1170 1050,"['1602', '1062', '1170', '1050']","['1602', '1062']","['1602', '1062']","['1602', '1062', '1170', '1050']"
275,痴呆の親が暴れだして収集付かなくなったときは？,,1157,1264,"['1157', '1264']",['1157'],[],"['1157', '1264']"
276,育児の相談は無料でして貰える？,,162 631,,"['162', '631']","['162', '631']",[],"['162', '631']"
277,災害時自動配信メールのようなものはありますか。,647,,,['647'],['647'],['647'],['647']
278,引っ越しの手続きって何をしたらええんかな？,8 138 2,204,192 199 24 33 651,"['8', '138', '2', '204', '192', '199', '24', '33', '651']","['8', '138', '2', '204']","['8', '138', '2']","['8', '138', '2', '204', '192', '199', '24', '33', '651']"
279,家庭菜園を初めたいのですが、庭がありません。土地を貸してくれるところはありますか？,315 316,,,"['315', '316']","['315', '316']","['315', '316']","['315', '316']"
280,市役所休業日について知りたいんやけど？,153,,,['153'],['153'],['153'],['153']
281,高齢者の予防接種の補助金の申請手続きをしたいがどうすればよいか。,696 328 606,352 239 1659 598 1004 592,588 289 613,"['696', '328', '606', '352', '239', '1659', '598', '1004', '592', '588', '289', '613']","['696', '328', '606', '352', '239', '1659', '598', '1004', '592']","['696', '328', '606']","['696', '328', '606', '352', '239', '1659', '598', '1004', '592', '588', '289', '613']"
282,犬を飼う時はどんな手続きが必要ですか？,514 1499,1134 503,1110,"['514', '1499', '1134', '503', '1110']","['514', '1499', '1134', '503']","['514', '1499']","['514', '1499', '1134', '503', '1110']"
283,近くの避難場所がわからないときは？,203 106 130 147 295 312 382,,,"['203', '106', '130', '147', '295', '312', '382']","['203', '106', '130', '147', '295', '312', '382']","['203', '106', '130', '147', '295', '312', '382']","['203', '106', '130', '147', '295', '312', '382']"
284,育児について助産師の訪問はしてもらえるの？,516 110,361,,"['516', '110', '361']","['516', '110', '361']","['516', '110']","['516', '110', '361']"
285,ヘアアイロンを捨てたいのですが、市のごみとして出せますか？,1784,,,['1784'],['1784'],['1784'],['1784']
286,要介護認定を受けたんやけど、介護サービスを利用するためにはどうしたらいいんやったかな？,9,108,69 132,"['9', '108', '69', '132']","['9', '108']",['9'],"['9', '108', '69', '132']"
287,保育所探したいんやけど。,966,660 790,908 674,"['966', '660', '790', '908', '674']","['966', '660', '790']",['966'],"['966', '660', '790', '908', '674']"
288,子供の通学路にスズメバチの巣があり不安です。駆除してもらえるのでしょうか？,177 1117,1293,727 1594,"['177', '1117', '1293', '727', '1594']","['177', '1117', '1293']","['177', '1117']","['177', '1117', '1293', '727', '1594']"
289,引っ越しをしたので運転免許証の住所を書き換えたいのですが、手続きを行ってくれる管轄の警察署はどうやったら調べることができますか？,,1745,,['1745'],['1745'],[],['1745']
290,印鑑登録証がなくても印鑑登録証明書の発行はしてくれるんやろか。,529,1597,,"['529', '1597']","['529', '1597']",['529'],"['529', '1597']"
291,こども食堂はありますか？,,111 1434,,"['111', '1434']","['111', '1434']",[],"['111', '1434']"
292,子どもが弱視です。眼鏡が必要なのですが、それに対して何か金銭的なサポートはありますか？,665,,364,"['665', '364']",['665'],['665'],"['665', '364']"
293,年金の支払いの仕方がわからへん。,,194 314 985,143,"['194', '314', '985', '143']","['194', '314', '985']",[],"['194', '314', '985', '143']"
294,ペットボトルのキャップじゃなくてキャップと分離してペットボトル本体に残ってるリング状のプラスティックの分別方法,1784,63,,"['1784', '63']","['1784', '63']",['1784'],"['1784', '63']"
295,子供を隣の校区の小学校に通わせたいので手続きの方法を教えてほしい。,221,,,['221'],['221'],['221'],['221']
296,自分のマイナンバーがわかりません。どうやったら調べることができますか？,,1400 692 576,1269 1182,"['1400', '692', '576', '1269', '1182']","['1400', '692', '576']",[],"['1400', '692', '576', '1269', '1182']"
297,戸籍や住民票は親族やったら請求できるんですか？,,558 444 19 62 517,,"['558', '444', '19', '62', '517']","['558', '444', '19', '62', '517']",[],"['558', '444', '19', '62', '517']"
298,ゴミ出しする場合、スーパーのレジ袋などを使って出してもかまいませんか？,1784,1391,,"['1784', '1391']","['1784', '1391']",['1784'],"['1784', '1391']"
299,休日に住民票などの各種証明書を発行してもらうことはできますか？,213 42,150,89,"['213', '42', '150', '89']","['213', '42', '150']","['213', '42']","['213', '42', '150', '89']"
300,川沿いに住んでますがこの季節蛾が大量発生しています、どうしたら家の周りに集まらないですか？,,727 1326 1612,,"['727', '1326', '1612']","['727', '1326', '1612']",[],"['727', '1326', '1612']"
301,国民年金に未納期間があるようですが過去の分も支払えますか？,,,985,['985'],[],[],['985']
302,美容師なんですが練習後の人形のゴミの出し方が分かりません,1784,1391 978,,"['1784', '1391', '978']","['1784', '1391', '978']",['1784'],"['1784', '1391', '978']"
303,現在社会保険に加入している父がもうすぐ退職します。国民健康保険に切り替えるにはどうしたら良いでしょうか？,114,,,['114'],['114'],['114'],['114']
304,引きこもりの子供のことを相談したい。,1294,881,,"['1294', '881']","['1294', '881']",['1294'],"['1294', '881']"
305,缶をゴミで出すときって洗剤で洗ってゴミに出すの？,1784,63,,"['1784', '63']","['1784', '63']",['1784'],"['1784', '63']"
306,粗大ごみを出す場所ってどこですか。,1784,210,,"['1784', '210']","['1784', '210']",['1784'],"['1784', '210']"
307,割れたビンは燃えないゴミですか？,1784 1784,63,,"['1784', '1784', '63']","['1784', '1784', '63']","['1784', '1784']","['1784', '1784', '63']"
308,母子手帳を再交付してほしいのだけど、どうしたらいい？,659,,733 370 306 716,"['659', '733', '370', '306', '716']",['659'],['659'],"['659', '733', '370', '306', '716']"
309,妊活をしていますが、補助など受けることができるのでしょうか。,11,,,['11'],['11'],['11'],['11']
310,道の街路樹が大きく育ちすぎて危険、処理して貰えないか,1273 425,,420 1185,"['1273', '425', '420', '1185']","['1273', '425']","['1273', '425']","['1273', '425', '420', '1185']"
311,近所の道路に路上駐車してる車が歩行の邪魔なんですけど、何処に言えばいいの？,,1671,,['1671'],['1671'],[],['1671']
312,不妊治療を受けるので助成金の手続きをしたいのですが、何を提出すれば良いのでしょうか？,11,,,['11'],['11'],['11'],['11']
313,近くの植え込みに蜂の巣があるんですが駆除して欲しいんですけど？,177,1117,727 1594,"['177', '1117', '727', '1594']","['177', '1117']",['177'],"['177', '1117', '727', '1594']"
314,障害者がいるのですがどんなサービスがありますか。,1404 1238 236 1736,389 720 1354,536 1758,"['1404', '1238', '236', '1736', '389', '720', '1354', '536', '1758']","['1404', '1238', '236', '1736', '389', '720', '1354']","['1404', '1238', '236', '1736']","['1404', '1238', '236', '1736', '389', '720', '1354', '536', '1758']"
315,親が老人施設に入っていますが、外出支援はしてもらえますか？,21,,,['21'],['21'],['21'],['21']
316,ＤＶの相談をしたい。,285,,1719 857 1304,"['285', '1719', '857', '1304']",['285'],['285'],"['285', '1719', '857', '1304']"
317,子供が県外で病院を受診しました。県外で受診した場合も子ども医療費の申請はできますか？,,,593 375,"['593', '375']",[],[],"['593', '375']"
318,近くの街灯が切れて道が暗くて怖いんですけど直してもらいたいのですが,1170,1289,1602 1062 1050,"['1170', '1289', '1602', '1062', '1050']","['1170', '1289']",['1170'],"['1170', '1289', '1602', '1062', '1050']"
319,市民検診は２年連続でも希望すれば受けられますか？,936,14 465 489,1604 1604 1086 682 1480 939 17,"['936', '14', '465', '489', '1604', '1604', '1086', '682', '1480', '939', '17']","['936', '14', '465', '489']",['936'],"['936', '14', '465', '489', '1604', '1604', '1086', '682', '1480', '939', '17']"
320,洗濯物を干すとき、近隣から臭いにおいがあって干せないです。どこへ言えば解決できますか？,,944 1613,,"['944', '1613']","['944', '1613']",[],"['944', '1613']"
321,ゴミ出しの前日から出す人がいるので鴉が集まってきて大変なので注意してもらえますか？,,185,,['185'],['185'],[],['185']
322,戸籍を郵送で請求したいんやけど、どんな手続が必要なんですか？,19,403,1131,"['19', '403', '1131']","['19', '403']",['19'],"['19', '403', '1131']"
323,粗大ゴミで持って行って貰えないものは？,1784,210 1391,,"['1784', '210', '1391']","['1784', '210', '1391']",['1784'],"['1784', '210', '1391']"
324,海外転勤、数年で戻ってくる場合は転出届が必要ですか？,8,,143,"['8', '143']",['8'],['8'],"['8', '143']"
325,粗大ゴミはどこに自分で持って行けばタダになるのか,1391,,,['1391'],['1391'],['1391'],['1391']
326,平日は仕事の都合上休みが取れないのですが、引っ越しの手続きをしたい場合土日祝日でも受け付けてもらえますか？,42 184,121,2 138 8,"['42', '184', '121', '2', '138', '8']","['42', '184', '121']","['42', '184']","['42', '184', '121', '2', '138', '8']"
327,国民健康保険料はどのような計算されるんやろか？,,634,700 1013 811,"['634', '700', '1013', '811']",['634'],[],"['634', '700', '1013', '811']"
328,生涯学習のイベント一覧はどこをみればわかりますか？,1235 927,,,"['1235', '927']","['1235', '927']","['1235', '927']","['1235', '927']"
329,古い靴って燃えるゴミ？,1784,,,['1784'],['1784'],['1784'],['1784']
330,事故で障害者になったので今後のことについて相談したい。,236 720,98 814,1758,"['236', '720', '98', '814', '1758']","['236', '720', '98', '814']","['236', '720']","['236', '720', '98', '814', '1758']"
331,ゴミの出し方について再度知りたいので、どこで知ることが出来る？,1784,,3,"['1784', '3']",['1784'],['1784'],"['1784', '3']"
332,使い捨てライターって何ゴミになるんですか？,1784,,,['1784'],['1784'],['1784'],['1784']
333,ハザードマップみたいなものって作っていますか。,373,578,690 1048,"['373', '578', '690', '1048']","['373', '578']",['373'],"['373', '578', '690', '1048']"
334,子どもを希望の認可保育園に入れたければいつまでに手続きを済ませるのが望ましいですか。,966 873 908,1225 660 1445,674,"['966', '873', '908', '1225', '660', '1445', '674']","['966', '873', '908', '1225', '660', '1445']","['966', '873', '908']","['966', '873', '908', '1225', '660', '1445', '674']"
335,ＺＩＰＰＯのオイル缶を捨てる時は、危険物の日？缶の日？,,63,,['63'],['63'],[],['63']
336,正月やゴールデンウィーク、ゴミは持って行って貰える？,1691,1718,,"['1691', '1718']","['1691', '1718']",['1691'],"['1691', '1718']"
337,乳がん検診を受診したいのですが、無料で受けることは可能ですか？,,398,14 1086 489 939 465,"['398', '14', '1086', '489', '939', '465']",['398'],[],"['398', '14', '1086', '489', '939', '465']"
338,この前、家の裏手に鼠が居たんですけど駆除してもらえるんですか？,1293,,,['1293'],['1293'],['1293'],['1293']
339,両親が認知症かも？と疑っているのですが相談窓口はありますか？,1157,1264 1376 1073,,"['1157', '1264', '1376', '1073']","['1157', '1264', '1376', '1073']",['1157'],"['1157', '1264', '1376', '1073']"
340,まだ２０代ですが、人間ドックを受けてみたいと思っています。どこで受けられるのでしょうか？,,961 17,,"['961', '17']","['961', '17']",[],"['961', '17']"
341,庭の溝にセアカゴケグモがいますが、どうしたらよいですか？,1612 1326 1594,1117,1531,"['1612', '1326', '1594', '1117', '1531']","['1612', '1326', '1594', '1117']","['1612', '1326', '1594']","['1612', '1326', '1594', '1117', '1531']"
342,正月は何日からゴミ回収して貰えるの？,1691 1718,,,"['1691', '1718']","['1691', '1718']","['1691', '1718']","['1691', '1718']"
343,大災害が起きた時の自治体の連携って整備されていますか。,647,896 1324 945 972,578 1316,"['647', '896', '1324', '945', '972', '578', '1316']","['647', '896', '1324', '945', '972']",['647'],"['647', '896', '1324', '945', '972', '578', '1316']"
344,ふるさと納税について知りたい。,65 189,,,"['65', '189']","['65', '189']","['65', '189']","['65', '189']"
345,転居届などは引っ越し後に提出しても良いのですか？,138 2,651 204,199,"['138', '2', '651', '204', '199']","['138', '2', '651', '204']","['138', '2']","['138', '2', '651', '204', '199']"
346,使い終わった電池の回収ボックスはどこにありますか？,1784,,,['1784'],['1784'],['1784'],['1784']
347,自宅駐車場を２台駐車できるように拡張したいのですが、出入り口部分に街路樹と植えこみがあります。市が管理しているものなのですが、取り壊すことはできるのでしょうか。,,1273,425,"['1273', '425']",['1273'],[],"['1273', '425']"
348,高齢者がいるのですがどんなサービスがありますか。,128 21 240 151 67 486 384 326,,,"['128', '21', '240', '151', '67', '486', '384', '326']","['128', '21', '240', '151', '67', '486', '384', '326']","['128', '21', '240', '151', '67', '486', '384', '326']","['128', '21', '240', '151', '67', '486', '384', '326']"
349,実印や印鑑登録証を紛失したら、どうしたらいいんやろか。,573,529 5,582 196,"['573', '529', '5', '582', '196']","['573', '529', '5']",['573'],"['573', '529', '5', '582', '196']"
350,不法投棄が多いのだけど、対応して貰える？,,1339,,['1339'],['1339'],[],['1339']
351,自転車は大型ごみに出せますか？,1784,210 1391,,"['1784', '210', '1391']","['1784', '210', '1391']",['1784'],"['1784', '210', '1391']"
352,放置されている田んぼの害虫駆除はだれの責任ですか？,1117,1594 177 1612,,"['1117', '1594', '177', '1612']","['1117', '1594', '177', '1612']",['1117'],"['1117', '1594', '177', '1612']"
353,子供を幼稚園に入れるにはどうすればいいですか。,1263 781,1751 1340 523 262,212 266 305 669,"['1263', '781', '1751', '1340', '523', '262', '212', '266', '305', '669']","['1263', '781', '1751', '1340', '523', '262']","['1263', '781']","['1263', '781', '1751', '1340', '523', '262', '212', '266', '305', '669']"
354,傘を捨てたい時は、何ゴミで出せば良いですか？,1784,210,,"['1784', '210']","['1784', '210']",['1784'],"['1784', '210']"
355,母子家庭になりましたが補助はありますか。,23,61 1497,,"['23', '61', '1497']","['23', '61', '1497']",['23'],"['23', '61', '1497']"
356,近所の公園の木が伸び放題で虫が寄ってきて困っているのですが、伐採をお願いするのはどこに言えば良いですか？,1210 1273,,1185,"['1210', '1273', '1185']","['1210', '1273']","['1210', '1273']","['1210', '1273', '1185']"
357,不法投棄の現場を見つけたけど、どこに相談すればいい？,,,1339,['1339'],[],[],['1339']
358,戸籍って、本籍の市役所以外だと取れない？,119 1131 386,213 19 153,,"['119', '1131', '386', '213', '19', '153']","['119', '1131', '386', '213', '19', '153']","['119', '1131', '386']","['119', '1131', '386', '213', '19', '153']"
359,こども食堂の活動に興味があります。ボランティアとして参加したいのですがこの地域での活動はありますか。,,,734 230,"['734', '230']",[],[],"['734', '230']"
360,インフルエンザなどの予防接種が無料で受けられると聞いたのですが、どの場合に該当しますか？,352 661 328 600,441,1004 717 606 269 1253,"['352', '661', '328', '600', '441', '1004', '717', '606', '269', '1253']","['352', '661', '328', '600', '441']","['352', '661', '328', '600']","['352', '661', '328', '600', '441', '1004', '717', '606', '269', '1253']"
361,転入したいのだけれど手続きはどうすればいい？,2,42 651,748 494,"['2', '42', '651', '748', '494']","['2', '42', '651']",['2'],"['2', '42', '651', '748', '494']"
362,子供が通う小学校はどこかどうすればわかりますか。,221,,1313,"['221', '1313']",['221'],['221'],"['221', '1313']"
363,生ごみ処理機の購入を考えているのですが、どの商品を購入しても助成金の対象になりますか？,257,,,['257'],['257'],['257'],['257']
364,出していたゴミ袋をカラスが破り、道路に散らかっているようです。どうしたらいいでしょうか？,185 511,,,"['185', '511']","['185', '511']","['185', '511']","['185', '511']"
365,引っ越ししてきたけれど、何から始めればいい？,2 138,651 121,24,"['2', '138', '651', '121', '24']","['2', '138', '651', '121']","['2', '138']","['2', '138', '651', '121', '24']"
366,市役所は土日は開いていますか,42,1597,,"['42', '1597']","['42', '1597']",['42'],"['42', '1597']"
367,無料の健康診断って市役所に問い合わせるの？,249,,574 936 1144 774 939 433,"['249', '574', '936', '1144', '774', '939', '433']",['249'],['249'],"['249', '574', '936', '1144', '774', '939', '433']"
368,廃品回収に、衣類は出せるのか出せないのか。,1784,,,['1784'],['1784'],['1784'],['1784']
369,庭先でシロアリっぽいのを見つけたんですけど、駆除ってしてもらえますか？,727 1117,,,"['727', '1117']","['727', '1117']","['727', '1117']","['727', '1117']"
370,体温計や電池などの有害ごみはどうしたらいいですか？,1784,3,,"['1784', '3']","['1784', '3']",['1784'],"['1784', '3']"
371,仕事を辞めたので税金が払えそうに無いのですがどうしたらいいですか？,79,874,345 699 615,"['79', '874', '345', '699', '615']","['79', '874']",['79'],"['79', '874', '345', '699', '615']"
372,家族に不幸がありました。自治体から葬祭費をいただけると聞いたのですが本当ですか？,193 488,175,,"['193', '488', '175']","['193', '488', '175']","['193', '488']","['193', '488', '175']"
373,猫を拾ったんですけど、どこに連れていけばいいですか？,1670,,,['1670'],['1670'],['1670'],['1670']
374,子ども手当は何か月ごとに振り込まれるのですか。,1268,,742,"['1268', '742']",['1268'],['1268'],"['1268', '742']"
375,大型ゴミって燃えないゴミの日に出してもいいの？,1784,,,['1784'],['1784'],['1784'],['1784']
376,就学児童補助はどのようなものがありますか？,742,,,['742'],['742'],['742'],['742']
377,市民税の納付期限が切れていることに気づいたのですが、期限後でも支払うことはできますか？,543,794 563,706 88,"['543', '794', '563', '706', '88']","['543', '794', '563']",['543'],"['543', '794', '563', '706', '88']"
378,国民健康保険証を失くしてしまったから、再発行して欲しいんやけど？,155,,436,"['155', '436']",['155'],['155'],"['155', '436']"
379,子どもが生まれるのでチャイルドシートを購入したいのですが助成金などはありますか？,,,1749,['1749'],[],[],['1749']
380,健康診断のようなものはありますか。,165 129 464,4,574 1212 609,"['165', '129', '464', '4', '574', '1212', '609']","['165', '129', '464', '4']","['165', '129', '464']","['165', '129', '464', '4', '574', '1212', '609']"
381,ビデオテープってプラスチックゴミになるんですか？,1784,,,['1784'],['1784'],['1784'],['1784']
382,ボランティアがしたいのですが、どんなものがありますか？,392 228 734,230,1057,"['392', '228', '734', '230', '1057']","['392', '228', '734', '230']","['392', '228', '734']","['392', '228', '734', '230', '1057']"
383,駅前の自転車の列が酷くて歩行しにくいので困っています、何処に言えばよいですか？,802 723,304 894 710 357 758,,"['802', '723', '304', '894', '710', '357', '758']","['802', '723', '304', '894', '710', '357', '758']","['802', '723']","['802', '723', '304', '894', '710', '357', '758']"
384,パートの収入にかかる税金について教えてください,95 40,178,561,"['95', '40', '178', '561']","['95', '40', '178']","['95', '40']","['95', '40', '178', '561']"
385,軒先にスズメバチが巣を作っているのですが、対処していただけますか？,177,1594,1117,"['177', '1594', '1117']","['177', '1594']",['177'],"['177', '1594', '1117']"
386,住民票などの公的書類を役所以外でも扱ってる所はありますか？,213,62 403,396,"['213', '62', '403', '396']","['213', '62', '403']",['213'],"['213', '62', '403', '396']"
387,昔の古い携帯電話がたくさんあります。処分したいのですが中身のデータも気になります。どのように処分したらいいですか？,1784,,,['1784'],['1784'],['1784'],['1784']
388,下水のにおいが臭くて困ってるんですが、何処に言えばよいですか？,1448 697,,,"['1448', '697']","['1448', '697']","['1448', '697']","['1448', '697']"
389,保育園の受け入れる子供の空き状況を知るにはどうしたら良いですか？,1225,908 674 1445,,"['1225', '908', '674', '1445']","['1225', '908', '674', '1445']",['1225'],"['1225', '908', '674', '1445']"
390,農作業で出たごみを野焼きせずに引き取ってもらうにはどうすればよいですか？,1784,,,['1784'],['1784'],['1784'],['1784']
391,子どもに発達障害が疑われます。どこで診断してもらうのがいいでしょうか。,631,715,195,"['631', '715', '195']","['631', '715']",['631'],"['631', '715', '195']"
392,昨年と比べて今年は収入が大きく減っているので市民税を払うのが大変なのですが、減免措置などはありますか？,79,678 331,,"['79', '678', '331']","['79', '678', '331']",['79'],"['79', '678', '331']"
393,ペットボトルは潰して出すの？それともそのまま出すの？,1784,63,,"['1784', '63']","['1784', '63']",['1784'],"['1784', '63']"
394,ドラム缶って燃えないゴミ？缶？,1784 1784,63,,"['1784', '1784', '63']","['1784', '1784', '63']","['1784', '1784']","['1784', '1784', '63']"
395,捨て猫にエサをやることは違法でしょうか？,94,,,['94'],['94'],['94'],['94']
396,自治会の会費は支払う必要はあるのでしょうか？,,,1316 962,"['1316', '962']",[],[],"['1316', '962']"
397,ハチの巣、駆除はどうするんだったかな？,177,1117 727,1594,"['177', '1117', '727', '1594']","['177', '1117', '727']",['177'],"['177', '1117', '727', '1594']"
398,子供が小学生になりますが何をしたらいいですか。,1392,,,['1392'],['1392'],['1392'],['1392']
399,土日祝日に住民票がどうしても必要になりました。窓口は閉まっていると思いますが、どうにか手に入れる方法はありませんか？,213,517,1426 1254 1597,"['213', '517', '1426', '1254', '1597']","['213', '517']",['213'],"['213', '517', '1426', '1254', '1597']"
400,役立つ講演などを知りたい。,1235 927,,1321,"['1235', '927', '1321']","['1235', '927']","['1235', '927']","['1235', '927', '1321']"
401,ハザードマップはどこで確認できますか？,373,295 312,690 1048,"['373', '295', '312', '690', '1048']","['373', '295', '312']",['373'],"['373', '295', '312', '690', '1048']"
402,市長にメールなどで意見することって可能ですか？,449,1320,43 676,"['449', '1320', '43', '676']","['449', '1320']",['449'],"['449', '1320', '43', '676']"
403,自治会費はどのぐらいかかるのでしょうか？,,,1316 962,"['1316', '962']",[],[],"['1316', '962']"
404,町内会の加入は必須ですか？,,,617 492,"['617', '492']",[],[],"['617', '492']"
405,家の前の電柱が、少し傾いてきました。,,,1170 1062 1050,"['1170', '1062', '1050']",[],[],"['1170', '1062', '1050']"
406,生活保護を受けたいのですが。,298,,243,"['298', '243']",['298'],['298'],"['298', '243']"
407,防災マップは配布してもらえますか？,373,,690 382,"['373', '690', '382']",['373'],['373'],"['373', '690', '382']"
408,大人の引きこもりの相談窓口はありますか？,311,,,['311'],['311'],['311'],['311']
409,古雑誌が大量に出てきたのですが、普通ゴミで出して良いですか？,1784,1391,,"['1784', '1391']","['1784', '1391']",['1784'],"['1784', '1391']"
410,公園の雑草、どうするんだったかな？,1210 1273,,,"['1210', '1273']","['1210', '1273']","['1210', '1273']","['1210', '1273']"
411,妊娠した。どこで何をすればよいのか？,370 198 306,281,963,"['370', '198', '306', '281', '963']","['370', '198', '306', '281']","['370', '198', '306']","['370', '198', '306', '281', '963']"
412,近所の公園に置き去りになっている粗大ゴミはどこに連絡すれば撤去してもらえるのか。,1339,1391,,"['1339', '1391']","['1339', '1391']",['1339'],"['1339', '1391']"
413,捨て猫をペットとして飼う場合は、どこにどんな手続きが必要でしょうか。,,1342,,['1342'],['1342'],[],['1342']
414,粗大ごみ回収はどうすればいいのでしょうか？,1784,,,['1784'],['1784'],['1784'],['1784']
415,放置自転車の処分はその後どうなっていますか？,290,225 432 383,357 304 758 710 730,"['290', '225', '432', '383', '357', '304', '758', '710', '730']","['290', '225', '432', '383']",['290'],"['290', '225', '432', '383', '357', '304', '758', '710', '730']"
416,年金の質問、どうするんだったかな？,469,834,314 712 354,"['469', '834', '314', '712', '354']","['469', '834']",['469'],"['469', '834', '314', '712', '354']"
417,子供が転校しますがどうすればいいですか。,406,,,['406'],['406'],['406'],['406']
418,ハチの巣駆除に関して、市の援助はありますか？,177,1117 727,,"['177', '1117', '727']","['177', '1117', '727']",['177'],"['177', '1117', '727']"
419,引越しのときに出たごみを処分したいんやけど？,1784,,,['1784'],['1784'],['1784'],['1784']
420,側溝の掃除は必ずしなければならないものですか？,,1672,,['1672'],['1672'],[],['1672']
421,市役所は何時まで受け付けていますか。,,,153,['153'],[],[],['153']
422,スズメバチが巣を作りそうなのですが、何か対処方法はありませんか？,177,,,['177'],['177'],['177'],['177']
423,一人暮らしの親と連絡が取れないが家まで様子を見に行ってもらえるか。,,,240,['240'],[],[],['240']
424,市役所の駐車場に停めることが出来ないのですがどうすればいいですか。,,,487 499,"['487', '499']",[],[],"['487', '499']"
425,市が管理していると思われる側溝の上の立体構造物が老朽化して危険なのですが市は何かしてくれますか？,,1155,,['1155'],['1155'],[],['1155']
426,下水の流れがわるくなっているので見に来てほしい。,1448,,697,"['1448', '697']",['1448'],['1448'],"['1448', '697']"
427,粗大ゴミで出せるものを把握したいのですが,1784,,,['1784'],['1784'],['1784'],['1784']
428,負傷したスズメを保護したのですが、治療後に引き続き飼うことは違法だと聞きました。本当でしょうか。,,838,,['838'],['838'],[],['838']
429,転入の手続きは、世帯主本人が出向かなければなりませんか？,2,,,['2'],['2'],['2'],['2']
430,障がい者手帳の申請、どうするんだったかな？,30,236,,"['30', '236']","['30', '236']",['30'],"['30', '236']"
431,子どもの発達障害について、どのようなサポートを受けることができますか？,631,536 715,195,"['631', '536', '715', '195']","['631', '536', '715']",['631'],"['631', '536', '715', '195']"
432,清掃ボランティアに参加するにはどうすればいいですか？,,230,,['230'],['230'],[],['230']
433,住民票の変更の手続きは郵送でもできるんやろか？,,517 1426,121,"['517', '1426', '121']","['517', '1426']",[],"['517', '1426', '121']"
434,ワンちゃんは保健所に届け出がいるけど、猫ちゃんはいらないの？,,1110,,['1110'],['1110'],[],['1110']
435,大人が健康のために利用出来る、公共のスポーツ施設などはありますか？,1569 1262,,,"['1569', '1262']","['1569', '1262']","['1569', '1262']","['1569', '1262']"
436,バーベキューができる公園はありますか？,1494,94,1660 1286,"['1494', '94', '1660', '1286']","['1494', '94']",['1494'],"['1494', '94', '1660', '1286']"
437,野良犬がいて困っています。どうすればいいですか。,,1134 1670 503 1499,,"['1134', '1670', '503', '1499']","['1134', '1670', '503', '1499']",[],"['1134', '1670', '503', '1499']"
438,国民健康保険の支払い方法を教えてください。,553 248,13 451,874,"['553', '248', '13', '451', '874']","['553', '248', '13', '451']","['553', '248']","['553', '248', '13', '451', '874']"
439,障害を持った子供が学校に通い始める場合、どうしたらいいですか。,916 1488,,,"['916', '1488']","['916', '1488']","['916', '1488']","['916', '1488']"
440,ボタン電池を捨てたいのですが、どのように廃棄すればよいですか？,1784,,,['1784'],['1784'],['1784'],['1784']
441,確定申告は兵庫県内ならどこの地域で行ってもいいのかな？,,339,1136 325 731,"['339', '1136', '325', '731']",['339'],[],"['339', '1136', '325', '731']"
442,たくさんの子どもたちが遊べるように公園に遊具を増やしてほしいのですが、どこに問い合わせれば良いですか？,1230,,,['1230'],['1230'],['1230'],['1230']
443,住民票が欲しい時は何が必要なの？,150,517 1426,447 62 1056,"['150', '517', '1426', '447', '62', '1056']","['150', '517', '1426']",['150'],"['150', '517', '1426', '447', '62', '1056']"
444,粗大ごみの処理、どうするんだったかな？,1784,1391,,"['1784', '1391']","['1784', '1391']",['1784'],"['1784', '1391']"
445,戸籍謄本はどこの役所でもとれますか。,119 1131 386,153 42,883 19,"['119', '1131', '386', '153', '42', '883', '19']","['119', '1131', '386', '153', '42']","['119', '1131', '386']","['119', '1131', '386', '153', '42', '883', '19']"
446,国民健康保険に加入していて海外でケガや病気になった場合、後から請求できますか？,,488 562 419,,"['488', '562', '419']","['488', '562', '419']",[],"['488', '562', '419']"
447,市役所で弁護士の無料法律相談の予約はできるんですか？,1524 1120 1258 649 743 938 686 1328,1304 1156,937,"['1524', '1120', '1258', '649', '743', '938', '686', '1328', '1304', '1156', '937']","['1524', '1120', '1258', '649', '743', '938', '686', '1328', '1304', '1156']","['1524', '1120', '1258', '649', '743', '938', '686', '1328']","['1524', '1120', '1258', '649', '743', '938', '686', '1328', '1304', '1156', '937']"
448,資源ごみの種類の分け方と出し方についてお聞きしたいです。,1784,,,['1784'],['1784'],['1784'],['1784']
449,カーブミラーの設置をお願いしたいんですがどうすればよいですか？,,,1084,['1084'],[],[],['1084']
450,マイナンバーカードの顔写真付きのものを申請したいが、発行までにどのくらいの時間がかかりますか？必要なものは何ですか？,,692,969 902,"['692', '969', '902']",['692'],[],"['692', '969', '902']"
451,水道料金の計算はどのようになっていますか？,,,677,['677'],[],[],['677']
452,ボランティアへの参加、どうするんだったかな？,230,,734 228 392,"['230', '734', '228', '392']",['230'],['230'],"['230', '734', '228', '392']"
453,テレビを捨てたいのですか、大型ゴミとして処分することは可能ですか？,1784,,,['1784'],['1784'],['1784'],['1784']
454,空地の清掃は？,1296,,,['1296'],['1296'],['1296'],['1296']
455,ペットボトルはキャップとラベルを分けて分別しないといけないですか？,1784,63,,"['1784', '63']","['1784', '63']",['1784'],"['1784', '63']"
456,納税証明書が必要なのですが、どこで入手できますか？,15,,122 182 137 10,"['15', '122', '182', '137', '10']",['15'],['15'],"['15', '122', '182', '137', '10']"
457,消費生活センターでは、どのような相談にのってもらえるん？,741 68,,551,"['741', '68', '551']","['741', '68']","['741', '68']","['741', '68', '551']"
458,所得が一定額以下の人に与えられる臨時給付金のような制度はありますか？,,411 481,504,"['411', '481', '504']","['411', '481']",[],"['411', '481', '504']"
459,家電の中で粗大ごみに出せないものは？,1784,1391,,"['1784', '1391']","['1784', '1391']",['1784'],"['1784', '1391']"
460,夏祭りの屋台出店の許可はどこへ提出しに行けばいいですか。,1058,,,['1058'],['1058'],['1058'],['1058']
461,寄付金をしたいのですが、どうすればいいでしょう？,65,,566 1504 1366,"['65', '566', '1504', '1366']",['65'],['65'],"['65', '566', '1504', '1366']"
462,災害の時の避難場所は？,106 203 130 147 295 312 382,,,"['106', '203', '130', '147', '295', '312', '382']","['106', '203', '130', '147', '295', '312', '382']","['106', '203', '130', '147', '295', '312', '382']","['106', '203', '130', '147', '295', '312', '382']"
463,住民税を払い忘れていました。後から払うにはどうしたら良いでしょうか？,543,,,['543'],['543'],['543'],['543']
464,河川の雑草の手入れを依頼するにはどうすればよいですか？,,,313,['313'],[],[],['313']
465,２０歳になった子供の国民年金の手続きは役所の何課に行けばよいか。,314,83 712,,"['314', '83', '712']","['314', '83', '712']",['314'],"['314', '83', '712']"
466,公園がいつもゴミだらけなのですが対応してもらえますか。,1339,1155 1243,,"['1339', '1155', '1243']","['1339', '1155', '1243']",['1339'],"['1339', '1155', '1243']"
467,住基カードがあればコンビニなどで住民票を取得できますか？,213,444,,"['213', '444']","['213', '444']",['213'],"['213', '444']"
468,税金の振込口座を変更したいんやけど。,402,507 88,,"['402', '507', '88']","['402', '507', '88']",['402'],"['402', '507', '88']"
469,児童手当の振込口座を変更することはできますか？,229,222 91,1490,"['229', '222', '91', '1490']","['229', '222', '91']",['229'],"['229', '222', '91', '1490']"
470,コンビニではどんな公文書が発行できますか。,213,,275,"['213', '275']",['213'],['213'],"['213', '275']"
471,猫の里親になりたいのですが、近くで譲渡会などやってますか？,,1342,,['1342'],['1342'],[],['1342']
472,粗大ゴミの出し方はどうするの？,1784,,,['1784'],['1784'],['1784'],['1784']
473,スポーツできるところなどの公共施設を教えてほしい,1569 1262,,,"['1569', '1262']","['1569', '1262']","['1569', '1262']","['1569', '1262']"
474,祭りなどの地域行事を知るためには広報以外に何かありますか？,256 456 679,,,"['256', '456', '679']","['256', '456', '679']","['256', '456', '679']","['256', '456', '679']"
475,子供が産まれたら何か届け出が必要ですか。,831 91 233 1175,886,897 889,"['831', '91', '233', '1175', '886', '897', '889']","['831', '91', '233', '1175', '886']","['831', '91', '233', '1175']","['831', '91', '233', '1175', '886', '897', '889']"
476,子供の医療補助金について教えてください,23 310 375,,80 394,"['23', '310', '375', '80', '394']","['23', '310', '375']","['23', '310', '375']","['23', '310', '375', '80', '394']"
477,路地の街灯が切れてしまいました。,1170,1602,1062 1050,"['1170', '1602', '1062', '1050']","['1170', '1602']",['1170'],"['1170', '1602', '1062', '1050']"
478,家庭ごみを直接、処理施設へ持ち込むことはできるんやったかな？,1391,,,['1391'],['1391'],['1391'],['1391']
479,「ふるさと納税」の返礼品を知りたい。,65,,189,"['65', '189']",['65'],['65'],"['65', '189']"
480,保護犬の里親になりたいのですが、どのようにすればいいですか？,,1134 514 1499,1342,"['1134', '514', '1499', '1342']","['1134', '514', '1499']",[],"['1134', '514', '1499', '1342']"
481,深夜に体調が悪い時に病院紹介してくれる窓口は？,28 784 850,,491 991,"['28', '784', '850', '491', '991']","['28', '784', '850']","['28', '784', '850']","['28', '784', '850', '491', '991']"
482,海外に行くのでしばらく家を空けるのですが、必要な手続きはなにがありますか？,385 143 671,,,"['385', '143', '671']","['385', '143', '671']","['385', '143', '671']","['385', '143', '671']"
483,保険証をなくしたのですがどうしたらいいですか。,436 155,,16,"['436', '155', '16']","['436', '155']","['436', '155']","['436', '155', '16']"
484,傘を廃棄したいのですが、普通ごみで大丈夫でしょうか,1784,,,['1784'],['1784'],['1784'],['1784']
485,バイクの廃車手続きはどうすればよいか。,191 92 167,,148,"['191', '92', '167', '148']","['191', '92', '167']","['191', '92', '167']","['191', '92', '167', '148']"
486,粗大ゴミってどうやって出したらええんかな？,1784,1391,,"['1784', '1391']","['1784', '1391']",['1784'],"['1784', '1391']"
487,街灯が消えているときは？,1170,1602 1062,1050,"['1170', '1602', '1062', '1050']","['1170', '1602', '1062']",['1170'],"['1170', '1602', '1062', '1050']"
488,市民税を滞納しており、一括での支払いは難しいので分割でのお支払いを相談したいです。どちらで相談出来ますか？,,79 563 543,88,"['79', '563', '543', '88']","['79', '563', '543']",[],"['79', '563', '543', '88']"
489,要介護度３で、特別養護老人ホームに入るのは難しいのでしょうか？,108,9,,"['108', '9']","['108', '9']",['108'],"['108', '9']"
490,子どもの小学校にクレームを入れるものの改善されない。直接、教育委員会に通報するのは非常識でしょうか？,221,,,['221'],['221'],['221'],['221']
491,家電の処分はどないするんですか。,1784,,,['1784'],['1784'],['1784'],['1784']
492,平日の遅い時間や休日に、戸籍や住民票とかの証明書が欲しいんやけど？,213 42,,89,"['213', '42', '89']","['213', '42']","['213', '42']","['213', '42', '89']"
493,発泡スチロールはどの様に処分をすればよいですか？,1784,,,['1784'],['1784'],['1784'],['1784']
494,平日は仕事で休みが取れないため、固定資産評価証明書を郵送してもらうことはできますか？,10,6 137,64,"['10', '6', '137', '64']","['10', '6', '137']",['10'],"['10', '6', '137', '64']"
495,家の前の電線に鳥が止まり、糞害で困っています。市役所で対応してもらえるのでしょうか？,268,185,,"['268', '185']","['268', '185']",['268'],"['268', '185']"
496,最近、カラスがゴミ収集場を荒らします。,185 511,,,"['185', '511']","['185', '511']","['185', '511']","['185', '511']"
497,危険な場所があるので信号をつけてほしいけどどうすれば良いの？,1084,,,['1084'],['1084'],['1084'],['1084']
498,野良猫が敷地内に入り込んで困っているので、捕獲してほしいのですが。,838,,,['838'],['838'],['838'],['838']
499,老人が無料で受けれるサービスを知りたい。,67,884,486 1682,"['67', '884', '486', '1682']","['67', '884']",['67'],"['67', '884', '486', '1682']"
500,先日の風の強い日に街路樹の葉がたくさん落ちました。掃除をしてまとめたのですがこういったごみはどうしたらいいのでしょうか。,1273,425,,"['1273', '425']","['1273', '425']",['1273'],"['1273', '425']"
501,引っ越しに伴う住所変更手続きはいつ行えば良いの？,2 138 8,204,,"['2', '138', '8', '204']","['2', '138', '8', '204']","['2', '138', '8']","['2', '138', '8', '204']"
502,引っ越して住所が変わりました、住所変更の手続きには何が必要ですか。,2 138,204,,"['2', '138', '204']","['2', '138', '204']","['2', '138']","['2', '138', '204']"
503,赤ちゃんマッサージのイベントが、開催される予定はありますか？,,110,572,"['110', '572']",['110'],[],"['110', '572']"
504,印鑑登録ってどこでどうやったらええんかな？,5,89,196 582,"['5', '89', '196', '582']","['5', '89']",['5'],"['5', '89', '196', '582']"
505,子育てに対する支援制度を知りたい。,162 200 0,,,"['162', '200', '0']","['162', '200', '0']","['162', '200', '0']","['162', '200', '0']"
506,時間外に婚姻届を出したいときはどうしたら良いですか？,952 635 153,,89 42,"['952', '635', '153', '89', '42']","['952', '635', '153']","['952', '635', '153']","['952', '635', '153', '89', '42']"
507,市職員への苦情がある。どこに言えばいい？,,1688,,['1688'],['1688'],[],['1688']
508,乗らなくなったバイクはどうしたらいいの？,,167 92,,"['167', '92']","['167', '92']",[],"['167', '92']"
509,パソコンのＨＤＤって何ゴミになりますか？,1784,,,['1784'],['1784'],['1784'],['1784']
510,ハチが家に巣を作って困ってるんやけど、どうすればいいやろ？,177,1117 727,,"['177', '1117', '727']","['177', '1117', '727']",['177'],"['177', '1117', '727']"
511,使用期限の過ぎた消火器はどうしたらいいですか？,390 1784,,169 277,"['390', '1784', '169', '277']","['390', '1784']","['390', '1784']","['390', '1784', '169', '277']"
512,指定難病とその診察医のリストはどのように入手できますか？,,917,55,"['917', '55']",['917'],[],"['917', '55']"
513,結婚したら旦那さんの扶養に入ろうかと思っています。すでに年払いした年金の手続きはどうしたらいいのですか？,1063,712 83,,"['1063', '712', '83']","['1063', '712', '83']",['1063'],"['1063', '712', '83']"
514,印鑑登録をしたいのですがどんな判子でもいいですか。,582,,5,"['582', '5']",['582'],['582'],"['582', '5']"
515,ポイ捨てが多いところに公共ゴミ箱は設置してもらえないのですか？,,1339,,['1339'],['1339'],[],['1339']
516,市県民税の特別徴収について詳しく教えてください。,981 321,561,1474 719 735 22 795 338 1208,"['981', '321', '561', '1474', '719', '735', '22', '795', '338', '1208']","['981', '321', '561']","['981', '321']","['981', '321', '561', '1474', '719', '735', '22', '795', '338', '1208']"
517,家の前の街灯が切れてます、交換はどこにお願いしたらいいですか？,1170,1602,1062 1050,"['1170', '1602', '1062', '1050']","['1170', '1602']",['1170'],"['1170', '1602', '1062', '1050']"
518,家族が死んだらどうすればいいですか。,175,488 193,102,"['175', '488', '193', '102']","['175', '488', '193']",['175'],"['175', '488', '193', '102']"
519,ひきこもりを相談できる窓口はありますか？,1294 311,,,"['1294', '311']","['1294', '311']","['1294', '311']","['1294', '311']"
520,クレジットカードや電子マネーで納税することはできますか？,563,,402 324 88,"['563', '402', '324', '88']",['563'],['563'],"['563', '402', '324', '88']"
521,溝の下水の臭いが酷いです。市での対応は？,1448,,697,"['1448', '697']",['1448'],['1448'],"['1448', '697']"
522,引っ越したばかりです。保険料などを引き落としを希望していますが、口座はどこでもよいのでしょうか？,13 194 515 158 120,402 507 553,248,"['13', '194', '515', '158', '120', '402', '507', '553', '248']","['13', '194', '515', '158', '120', '402', '507', '553']","['13', '194', '515', '158', '120']","['13', '194', '515', '158', '120', '402', '507', '553', '248']"
523,水道料金の支払いは引き落としは可能ですか？,677,,,['677'],['677'],['677'],['677']
524,水道料金をクレジットカードで支払うことはできますか？,677,,,['677'],['677'],['677'],['677']
525,代理で住民票を取得したい場合、委任状は何に書いていったら良いでしょうか？,558,62,396 517,"['558', '62', '396', '517']","['558', '62']",['558'],"['558', '62', '396', '517']"
526,市外へ引越しするときの手続のやり方を知りたいんやけど。,8,201 204,,"['8', '201', '204']","['8', '201', '204']",['8'],"['8', '201', '204']"
527,マイナンバーカードを作りたいのですがどうすればいいですか。,,987 692,1269 576 969 902,"['987', '692', '1269', '576', '969', '902']","['987', '692']",[],"['987', '692', '1269', '576', '969', '902']"
528,図書館の本が少ない,,109 1135,,"['109', '1135']","['109', '1135']",[],"['109', '1135']"
529,消費生活センターには誰でも相談できるんやろか？,741,,551 68,"['741', '551', '68']",['741'],['741'],"['741', '551', '68']"
530,市道の街灯が切れかかっていますが、どうしたらいいですか？,1170,1062 1602 1289 425 420,1050,"['1170', '1062', '1602', '1289', '425', '420', '1050']","['1170', '1062', '1602', '1289', '425', '420']",['1170'],"['1170', '1062', '1602', '1289', '425', '420', '1050']"
531,マンションの隣の空き地の草木が伸びているので、伐採してもらえませんか？,1296,,,['1296'],['1296'],['1296'],['1296']
532,住基カードは区役所などに直接行かないと発行できないのですか？,1437 53,115 1381,616 651,"['1437', '53', '115', '1381', '616', '651']","['1437', '53', '115', '1381']","['1437', '53']","['1437', '53', '115', '1381', '616', '651']"
533,小中学校で利用する教科書の出版元が知りたいです。,,221,,['221'],['221'],[],['221']
534,スチール缶とアルミ缶は分けなきゃならないの？,,63,,['63'],['63'],[],['63']
535,引っ越し日前でも住民票を移すことはできますか？,2 138 8,,,"['2', '138', '8']","['2', '138', '8']","['2', '138', '8']","['2', '138', '8']"
536,家の柱に虫食いを見つけました。シロアリなのかどうなのか確認してもらうにはどこに頼めばいいでしょうか,727,1117,,"['727', '1117']","['727', '1117']",['727'],"['727', '1117']"
537,幼児連れの家族が楽しめるイベントがあったら教えて下さい。,572 957 379,,,"['572', '957', '379']","['572', '957', '379']","['572', '957', '379']","['572', '957', '379']"
538,マイナンバーカードって見せてはいけないところがあるって聞いたのですが本当ですか。,902 969,692 1589,,"['902', '969', '692', '1589']","['902', '969', '692', '1589']","['902', '969']","['902', '969', '692', '1589']"
539,犬が電信柱におしっこをかけるので、臭いが酷い。役所で対応してもらえるのでしょうか？,,1134,,['1134'],['1134'],[],['1134']
540,使い残した乳液や化粧水は、そのまま排水口に流してもいいですか？,,1448,,['1448'],['1448'],[],['1448']
541,印鑑登録する印鑑は三文判でも登録できますか？,582,,5,"['582', '5']",['582'],['582'],"['582', '5']"
542,市税を納めずに滞納したままにしていると、どうなりますか？,,,543 791,"['543', '791']",[],[],"['543', '791']"
543,騒音の苦情ってどこに言うたらええんかな？,934 1503 1071,,,"['934', '1503', '1071']","['934', '1503', '1071']","['934', '1503', '1071']","['934', '1503', '1071']"
544,野焼きする方が近所にいるので市から注意をお願いするにはどうすればいいでしょうか,944,,,['944'],['944'],['944'],['944']
545,引っ越しをするとき、子供の就学手続きはどうすればいいか？,406,,,['406'],['406'],['406'],['406']
546,引っ越したばかりなので、地域のことをもっと知れるイベントがあれば参加してみたいのですが、どこに情報がありますか？,679,,,['679'],['679'],['679'],['679']
547,夜間の緊急診療所はどこに連絡すればいいの？,28 1137 1082,1206 991 491 1196,,"['28', '1137', '1082', '1206', '991', '491', '1196']","['28', '1137', '1082', '1206', '991', '491', '1196']","['28', '1137', '1082']","['28', '1137', '1082', '1206', '991', '491', '1196']"
548,放置された里山の害虫駆除を市にお願いできますか？,1117 727,1594 177 1612,,"['1117', '727', '1594', '177', '1612']","['1117', '727', '1594', '177', '1612']","['1117', '727']","['1117', '727', '1594', '177', '1612']"
549,もう日本には住まないのですが、保険や住民票などどうしたらいいですか。,671 143,,,"['671', '143']","['671', '143']","['671', '143']","['671', '143']"
550,本籍を変更する手続きを教えて欲しいんやけど。,,952,,['952'],['952'],[],['952']
551,暴走族が夜うるさいのだけど、誰に言えばいいの？,934,,,['934'],['934'],['934'],['934']
552,使わなくなったヘアワックスは普通ゴミになるのでしょうか？,1784,,,['1784'],['1784'],['1784'],['1784']
553,健康診断のお知らせが届きました。今住んでいる場所から近いところで受けたいのですが、遅くまで受付してくれる場所はありますか？,,433 682 249,,"['433', '682', '249']","['433', '682', '249']",[],"['433', '682', '249']"
554,中小企業支援について教えてください。,251 1562 508 1610,,,"['251', '1562', '508', '1610']","['251', '1562', '508', '1610']","['251', '1562', '508', '1610']","['251', '1562', '508', '1610']"
555,シルバー人材センターで働くにはどうすればいいですか？,171,,,['171'],['171'],['171'],['171']
556,生ごみって分別しなきゃならないの？,1784,,,['1784'],['1784'],['1784'],['1784']
557,仕事をやめたら保険証が変わりますか。,114,,,['114'],['114'],['114'],['114']
558,道に動物の死骸あった時どこに言うたらええんかな？,,,1293,['1293'],[],[],['1293']
559,割れたビンや包丁はどのようにして捨てたら良いのでしょうか？,1784,63,,"['1784', '63']","['1784', '63']",['1784'],"['1784', '63']"
560,家庭ゴミが大量に出た場合、どうすればいいですか？,1784,,63,"['1784', '63']",['1784'],['1784'],"['1784', '63']"
561,公園のフェンスが壊れています。,1230,,,['1230'],['1230'],['1230'],['1230']
562,戸籍謄本と戸籍抄本て、何が違うんですか？,386,883,119 19 1131,"['386', '883', '119', '19', '1131']","['386', '883']",['386'],"['386', '883', '119', '19', '1131']"
563,可燃ごみ、不燃ごみ、資源ごみでどれに出すか迷った場合はどうしたら良いでしょうか？,,1784,,['1784'],['1784'],[],['1784']
564,マイナンバーのことどこで聞いたら詳しく教えてくれるんかな？,1182,692 576 987 526 902 787 754 1079 1190 1007 1589,,"['1182', '692', '576', '987', '526', '902', '787', '754', '1079', '1190', '1007', '1589']","['1182', '692', '576', '987', '526', '902', '787', '754', '1079', '1190', '1007', '1589']",['1182'],"['1182', '692', '576', '987', '526', '902', '787', '754', '1079', '1190', '1007', '1589']"
565,バス停の設置でお願いできないの？,,1291,,['1291'],['1291'],[],['1291']
566,地元の地場産業製品の告知などはどうすれば知ることができますか,628,,,['628'],['628'],['628'],['628']
567,一升瓶がたくさんありますのでリサイクルに出したいと思うのですがどこにもって行けばいいでしょうか。,,63,,['63'],['63'],[],['63']
568,雨で川が溢れそうなときは対応してくれますか。,313,1672,,"['313', '1672']","['313', '1672']",['313'],"['313', '1672']"
569,実印を紛失しても印鑑登録カードはそのまま使えますか？,573,,582 529 5 196,"['573', '582', '529', '5', '196']",['573'],['573'],"['573', '582', '529', '5', '196']"
570,夕方になると側溝に小さい虫がいっぱい湧いてくるのですが、なんとかなりませんか？,1117,,,['1117'],['1117'],['1117'],['1117']
571,印鑑登録の申請方法を教えてください。,5,582 196,,"['5', '582', '196']","['5', '582', '196']",['5'],"['5', '582', '196']"
572,出張先で不在者投票はできますか？,238,,75 29,"['238', '75', '29']",['238'],['238'],"['238', '75', '29']"
573,バス停の屋根ってお願いできないの？,,1291,,['1291'],['1291'],[],['1291']
574,街路樹の枝が道路に出ているので伐採をお願いするにはどうすればいいですか,425 1273,1210,,"['425', '1273', '1210']","['425', '1273', '1210']","['425', '1273']","['425', '1273', '1210']"
575,発泡スチロールはどうやってゴミに出せば良いですか？,1784,,,['1784'],['1784'],['1784'],['1784']
576,軽自動車の税金の払い込み用紙をなくしてしまいました。どうすればいいでしょうか,1495,74,,"['1495', '74']","['1495', '74']",['1495'],"['1495', '74']"
577,引っ越ししてきて新たに国民健康保険に申し込んだ場合、手元に保険証が届くのにどれくらいかかりますか？,84,349,1064 901,"['84', '349', '1064', '901']","['84', '349']",['84'],"['84', '349', '1064', '901']"
578,公園の遊具壊れてるんやけど誰に言うたらええんかな？,1230,,,['1230'],['1230'],['1230'],['1230']
579,公共料金のカード払いはできますか？,677,,,['677'],['677'],['677'],['677']
580,スーパーでもらうビニール袋やダンボールに入れてゴミを出しても回収してもらえますか？,1784,210 63,,"['1784', '210', '63']","['1784', '210', '63']",['1784'],"['1784', '210', '63']"
581,家に害獣が出た場合、捕獲するための檻を貸してもらえるんやろか？,,838,185,"['838', '185']",['838'],[],"['838', '185']"
582,選挙のはがきが届いていないがどうなっているか。,1292,494 982 457,,"['1292', '494', '982', '457']","['1292', '494', '982', '457']",['1292'],"['1292', '494', '982', '457']"
583,住民税の支払窓口ってどこ？,706,88,,"['706', '88']","['706', '88']",['706'],"['706', '88']"
584,市役所は何時からやっていますか？,153,,,['153'],['153'],['153'],['153']
585,婚姻届を提出したいのですが,,635,952,"['635', '952']",['635'],[],"['635', '952']"
586,市役所に駐車場はありますか？,487 499,,,"['487', '499']","['487', '499']","['487', '499']","['487', '499']"
587,父親が亡くなりました。,505 488 193 102 149 175 20,,968 667 773,"['505', '488', '193', '102', '149', '175', '20', '968', '667', '773']","['505', '488', '193', '102', '149', '175', '20']","['505', '488', '193', '102', '149', '175', '20']","['505', '488', '193', '102', '149', '175', '20', '968', '667', '773']"
588,高齢者について相談したいのですが？,639,21 486 384 151 67,,"['639', '21', '486', '384', '151', '67']","['639', '21', '486', '384', '151', '67']",['639'],"['639', '21', '486', '384', '151', '67']"
589,ゴミの分別はどのようにすれば良いのでしょうか？,1784,,,['1784'],['1784'],['1784'],['1784']
590,親が亡くなりました,505 488 193 20 102 175,,968 667,"['505', '488', '193', '20', '102', '175', '968', '667']","['505', '488', '193', '20', '102', '175']","['505', '488', '193', '20', '102', '175']","['505', '488', '193', '20', '102', '175', '968', '667']"
591,市役所は何時に開きますか,,952,153,"['952', '153']",['952'],[],"['952', '153']"
592,車の購入、必要な手続きは？,73 191,,,"['73', '191']","['73', '191']","['73', '191']","['73', '191']"
593,婚姻の手続きについて教えて下さい。,,886,635,"['886', '635']",['886'],[],"['886', '635']"
594,ゴミの分別について教えてください,1784,,,['1784'],['1784'],['1784'],['1784']
595,市役所は何時に閉まりますか,213,,,['213'],['213'],['213'],['213']
596,災害時の避難場所はどこですか？,382 147 203 130 295 312 106,,,"['382', '147', '203', '130', '295', '312', '106']","['382', '147', '203', '130', '295', '312', '106']","['382', '147', '203', '130', '295', '312', '106']","['382', '147', '203', '130', '295', '312', '106']"
597,年金課は何階ですか,,463,469,"['463', '469']",['463'],[],"['463', '469']"
598,健康保険に加入したいです。,114,,,['114'],['114'],['114'],['114']
599,ゴミの分別・収集日についてお聞きしたいのですが？,1784,63,,"['1784', '63']","['1784', '63']",['1784'],"['1784', '63']"
600,市の職員に対する苦情は、どこに言えばいいのでしょうか？,1688,1221,,"['1688', '1221']","['1688', '1221']",['1688'],"['1688', '1221']"
601,年金相談は予約ができますか,1473,469,667 1063 354 314,"['1473', '469', '667', '1063', '354', '314']","['1473', '469']",['1473'],"['1473', '469', '667', '1063', '354', '314']"
602,引っ越してきました,2,,199 24 138 651,"['2', '199', '24', '138', '651']",['2'],['2'],"['2', '199', '24', '138', '651']"
603,土曜日も利用できますか,42 213 153,,517 184 89,"['42', '213', '153', '517', '184', '89']","['42', '213', '153']","['42', '213', '153']","['42', '213', '153', '517', '184', '89']"
604,ゴミの分別の仕方がよくわかりません。教えて下さい。,1784,63 1391,978,"['1784', '63', '1391', '978']","['1784', '63', '1391']",['1784'],"['1784', '63', '1391', '978']"
605,生活保護を受けたいのですが,298,,243,"['298', '243']",['298'],['298'],"['298', '243']"
606,粗大ゴミの出し方は？,1784,1391 3,,"['1784', '1391', '3']","['1784', '1391', '3']",['1784'],"['1784', '1391', '3']"
607,こども総合案内窓口はどちらにありますか？,,205 1728 217,,"['205', '1728', '217']","['205', '1728', '217']",[],"['205', '1728', '217']"
608,市民税が必要となる、最低収入はいくらでしょうか？,428 678,,95,"['428', '678', '95']","['428', '678']","['428', '678']","['428', '678', '95']"
609,婚姻届は何時まで提出可能でしょうか？,153,,952,"['153', '952']",['153'],['153'],"['153', '952']"
610,市民税の納期限はいつですか？,791 1348,979 120 1474,543,"['791', '1348', '979', '120', '1474', '543']","['791', '1348', '979', '120', '1474']","['791', '1348']","['791', '1348', '979', '120', '1474', '543']"
611,ごみの分別はどうしたらいいですか？,1784,,,['1784'],['1784'],['1784'],['1784']
612,家の近くの街路灯が夜になってもつかなくて困っている,1170,1062,1050 1602 1289,"['1170', '1062', '1050', '1602', '1289']","['1170', '1062']",['1170'],"['1170', '1062', '1050', '1602', '1289']"
613,粗大ごみはどうすればいいのですか？,1784 1391,,,"['1784', '1391']","['1784', '1391']","['1784', '1391']","['1784', '1391']"
614,住民票はどこで受け取ることが出来ますか？,150,62,447 396,"['150', '62', '447', '396']","['150', '62']",['150'],"['150', '62', '447', '396']"
615,家の屋根裏にスズメバチの巣ができているのでどうにかしたい。,177,1117,,"['177', '1117']","['177', '1117']",['177'],"['177', '1117']"
616,保育園に申込むにはどうしたらいいですか？,966 674 908,873 539,660 301,"['966', '674', '908', '873', '539', '660', '301']","['966', '674', '908', '873', '539']","['966', '674', '908']","['966', '674', '908', '873', '539', '660', '301']"
617,迷い犬を保護したのですが、どうすればいいですか？,1670,,,['1670'],['1670'],['1670'],['1670']
618,隣人のイヌがワンワン吠えて夜寝付けないのですが、どうすればいいでしょう。,,1120,,['1120'],['1120'],[],['1120']
619,ごみの分別はどうなっていますか？,1784,,,['1784'],['1784'],['1784'],['1784']
620,子供手当ては何日支給でしたか？,,,742 91,"['742', '91']",[],[],"['742', '91']"
621,ゴミの日いつでした？,1784,,,['1784'],['1784'],['1784'],['1784']
622,ペットを飼う事にしましたが、市に届け出が必要ですか？,514 1499,1342,1134,"['514', '1499', '1342', '1134']","['514', '1499', '1342']","['514', '1499']","['514', '1499', '1342', '1134']"
623,郵送で住所変更の手続きをすることは可能ですか？,8,,,['8'],['8'],['8'],['8']
624,市営の体育館を借りたいんですが,252,,1776,"['252', '1776']",['252'],['252'],"['252', '1776']"
625,高齢者の割引サービスはありますか？,,127 21,151 384,"['127', '21', '151', '384']","['127', '21']",[],"['127', '21', '151', '384']"
626,カラスが多くて困ってる,185 511,,,"['185', '511']","['185', '511']","['185', '511']","['185', '511']"
627,警察署はどこでしたっけ？,,1753 1231 1745 1084,,"['1753', '1231', '1745', '1084']","['1753', '1231', '1745', '1084']",[],"['1753', '1231', '1745', '1084']"
628,ねこが道端で倒れてる,,1670,,['1670'],['1670'],[],['1670']
629,公園の遊具をもっと充実させてほしい,,1230,,['1230'],['1230'],[],['1230']
630,燃えるゴミの日はいつでしたっけ？,1784 1784,,,"['1784', '1784']","['1784', '1784']","['1784', '1784']","['1784', '1784']"
631,スズメバチって市で駆除してくれますか？,177,1117 727,,"['177', '1117', '727']","['177', '1117', '727']",['177'],"['177', '1117', '727']"
632,粗大ごみはどのように捨てれば良いですか。,1391 1784,,,"['1391', '1784']","['1391', '1784']","['1391', '1784']","['1391', '1784']"
633,市役所は休日も開いていますか,213 42 153,89,,"['213', '42', '153', '89']","['213', '42', '153', '89']","['213', '42', '153']","['213', '42', '153', '89']"
634,ゴミの分別について知りたい。,1784,,,['1784'],['1784'],['1784'],['1784']
635,親子連れで参加できる地域のイベントはありますか,572 957 0,207,1534,"['572', '957', '0', '207', '1534']","['572', '957', '0', '207']","['572', '957', '0']","['572', '957', '0', '207', '1534']"
636,消費生活相談窓口はどちらにありますか？,741 68,,551,"['741', '68', '551']","['741', '68']","['741', '68']","['741', '68', '551']"
637,運動できる場所はありますか？,1569 252,1262 648 965,,"['1569', '252', '1262', '648', '965']","['1569', '252', '1262', '648', '965']","['1569', '252']","['1569', '252', '1262', '648', '965']"
638,引っ越しをしてきたのですがどんな手続きが必要ですか？,,2 294 138 651 308 192,204 24,"['2', '294', '138', '651', '308', '192', '204', '24']","['2', '294', '138', '651', '308', '192']",[],"['2', '294', '138', '651', '308', '192', '204', '24']"
639,住民票を発行してください。,150,,396,"['150', '396']",['150'],['150'],"['150', '396']"
640,マイナンバーの通知カードを紛失した場合はどこで再発行してもらえますか,,,902 1269 1400,"['902', '1269', '1400']",[],[],"['902', '1269', '1400']"
641,住民票はどこの窓口で取れますか？,150,,62 447 1426,"['150', '62', '447', '1426']",['150'],['150'],"['150', '62', '447', '1426']"
642,どこで印鑑証明書を発行できますか？,529,89 1597,582 42,"['529', '89', '1597', '582', '42']","['529', '89', '1597']",['529'],"['529', '89', '1597', '582', '42']"
643,生活保護の申請方法を知りたいのですが,298,,243,"['298', '243']",['298'],['298'],"['298', '243']"
644,大型のゴミはどこに出せばよいのでしょうか,1784,210 1391,,"['1784', '210', '1391']","['1784', '210', '1391']",['1784'],"['1784', '210', '1391']"
645,災害時の避難場所はどこですか,382 130 203 295 147 106 312,,,"['382', '130', '203', '295', '147', '106', '312']","['382', '130', '203', '295', '147', '106', '312']","['382', '130', '203', '295', '147', '106', '312']","['382', '130', '203', '295', '147', '106', '312']"
646,住民税の申告をする時に必要なものは何ですか,,325,405,"['325', '405']",['325'],[],"['325', '405']"
647,安い値段で使用できる体育館はありますか？,135 252,470,1776,"['135', '252', '470', '1776']","['135', '252', '470']","['135', '252']","['135', '252', '470', '1776']"
648,狂犬病予防注射はいつどこで行われますか？,,514,1051 666,"['514', '1051', '666']",['514'],[],"['514', '1051', '666']"
649,駐車場があって水遊びできる公園はありますか？,,,94,['94'],[],[],['94']
650,幼稚園、保育園の一覧はありますか？,266,305 262 475 781,,"['266', '305', '262', '475', '781']","['266', '305', '262', '475', '781']",['266'],"['266', '305', '262', '475', '781']"
651,保育園の空き状況を教えてください,1225,,908 713,"['1225', '908', '713']",['1225'],['1225'],"['1225', '908', '713']"
652,総合防災マップってありますか。,373,690 382,570 647,"['373', '690', '382', '570', '647']","['373', '690', '382']",['373'],"['373', '690', '382', '570', '647']"
653,燃えないゴミの日はいつでしょうか？,1784 1784,,,"['1784', '1784']","['1784', '1784']","['1784', '1784']","['1784', '1784']"
654,住民税の納税場所を教えてください,88,,687,"['88', '687']",['88'],['88'],"['88', '687']"
655,定年退職したら健康保険はどうすればいいですか。,114,634,,"['114', '634']","['114', '634']",['114'],"['114', '634']"
656,保険証の有効期限が切れてしまったのですがどうすればいいか分かりません。,1064 93,,,"['1064', '93']","['1064', '93']","['1064', '93']","['1064', '93']"
657,近くに子供を遊ばせられる公園はありますか？,940,94 861,1750 154,"['940', '94', '861', '1750', '154']","['940', '94', '861']",['940'],"['940', '94', '861', '1750', '154']"
658,尼崎市の図書館に駐車場はありますか？,1721,,288,"['1721', '288']",['1721'],['1721'],"['1721', '288']"
659,市立図書館はどこですか？,288,1135,,"['288', '1135']","['288', '1135']",['288'],"['288', '1135']"
660,ここから一番近い病院はどこですか。,1036,,28,"['1036', '28']",['1036'],['1036'],"['1036', '28']"
661,土地を探しています,1611,,,['1611'],['1611'],['1611'],['1611']
662,ゴミの出し方について詳しく教えてください。,1784,63 1391,,"['1784', '63', '1391']","['1784', '63', '1391']",['1784'],"['1784', '63', '1391']"
663,お寺は何か所ありますか？,,,437,['437'],[],[],['437']
664,粗大ごみはどうやって出したらいいでしょうか。,1784,63,,"['1784', '63']","['1784', '63']",['1784'],"['1784', '63']"
665,子育て支援に関する窓口はありますか。,162,,1287,"['162', '1287']",['162'],['162'],"['162', '1287']"
666,ゴミ置き場がカラスに荒らされているので何とかしてほしいのですが。,185 511,,,"['185', '511']","['185', '511']","['185', '511']","['185', '511']"
667,子供が安心して遊べる施設はどんな場所があるでしょうか？,548 154 956,607,957 0 157,"['548', '154', '956', '607', '957', '0', '157']","['548', '154', '956', '607']","['548', '154', '956']","['548', '154', '956', '607', '957', '0', '157']"
668,蜂が巣を作っているのを見かけたのですが、どこに連絡すればいいですか？,177,1117,,"['177', '1117']","['177', '1117']",['177'],"['177', '1117']"
669,職業安定所はどこにありますか？,273 633,955 1223,,"['273', '633', '955', '1223']","['273', '633', '955', '1223']","['273', '633']","['273', '633', '955', '1223']"
670,指定ごみ袋はどこに売っていますか？,1784,63,,"['1784', '63']","['1784', '63']",['1784'],"['1784', '63']"
671,市長さんの名前はなんでしたっけ？,1320 585,,,"['1320', '585']","['1320', '585']","['1320', '585']","['1320', '585']"
672,市営アパートに入居したいのですが、条件や手続きの仕方を教えてください。,337,50 172,376,"['337', '50', '172', '376']","['337', '50', '172']",['337'],"['337', '50', '172', '376']"
673,次の市議会の開催はいつでしょうか？,423,,1153,"['423', '1153']",['423'],['423'],"['423', '1153']"
674,耐震性診断をしたいのですがどうしたらいいですか,,570,,['570'],['570'],[],['570']
675,公園のブランコなどの用具は古くないですか？,1230,,,['1230'],['1230'],['1230'],['1230']
676,粗大ゴミを出したいです,1391 1784,,1785,"['1391', '1784', '1785']","['1391', '1784']","['1391', '1784']","['1391', '1784', '1785']"
677,子どもの小学校を区域外に越境させたいのですがどうしたらいいですか,221,759,,"['221', '759']","['221', '759']",['221'],"['221', '759']"
678,家族に介護が必要になりました。色々相談にのっていただけますか。,108,9,973,"['108', '9', '973']","['108', '9']",['108'],"['108', '9', '973']"
679,マイナンバーカードを作りたいのですが？,,987 692,969,"['987', '692', '969']","['987', '692']",[],"['987', '692', '969']"
680,ごみ収集は何曜日ですか？,1784,,,['1784'],['1784'],['1784'],['1784']
681,燕が巣を半分くらいまで制作中なのですが、壊したら犯罪になりますか？,838,,,['838'],['838'],['838'],['838']
682,退職してかかる翌年の税金の支払いが高額なので、分割払いにしたいのですが、どういった手続きが必要ですか。,,79 615 922 699,,"['79', '615', '922', '699']","['79', '615', '922', '699']",[],"['79', '615', '922', '699']"
683,土曜日、住民票が必要になったが、どこで手続きすれば良いのでしょうか？,213 517 42 150,89 1426,,"['213', '517', '42', '150', '89', '1426']","['213', '517', '42', '150', '89', '1426']","['213', '517', '42', '150']","['213', '517', '42', '150', '89', '1426']"
684,緊急避難場所ってどこに行けばよいのでしょうか？,130 106 203 147 312 295 382,,,"['130', '106', '203', '147', '312', '295', '382']","['130', '106', '203', '147', '312', '295', '382']","['130', '106', '203', '147', '312', '295', '382']","['130', '106', '203', '147', '312', '295', '382']"
685,粗大ごみを持ち込む所がありますか？,1391 1784,,,"['1391', '1784']","['1391', '1784']","['1391', '1784']","['1391', '1784']"
686,市役所以外で、市の行政手続きを行える出張所はありますか？,89,,,['89'],['89'],['89'],['89']
687,粗大ごみはどのようにして出せば良いでしょうか？,1784,1391,,"['1784', '1391']","['1784', '1391']",['1784'],"['1784', '1391']"
688,粗大ごみをこちらの持ち込みで指定日以外でも引き受けてくれる公共機関はあるのでしょうか。,1391,,1784,"['1391', '1784']",['1391'],['1391'],"['1391', '1784']"
689,資源ゴミの出し方についてまとめた資料があればください。,1784,,,['1784'],['1784'],['1784'],['1784']
690,子供の医療助成制度はありますか？,394,,593 375,"['394', '593', '375']",['394'],['394'],"['394', '593', '375']"
691,冷蔵庫を処分するには？,1784 1784,,,"['1784', '1784']","['1784', '1784']","['1784', '1784']","['1784', '1784']"
692,カラスがごみを漁って困ります。,185 511,,,"['185', '511']","['185', '511']","['185', '511']","['185', '511']"
693,プラスチックごみの分別の仕方がよく分かりません。,1784,210 63,,"['1784', '210', '63']","['1784', '210', '63']",['1784'],"['1784', '210', '63']"
694,公園に害虫がわいています。どこに問い合わせれば良いでしょうか。,1185,,420,"['1185', '420']",['1185'],['1185'],"['1185', '420']"
695,土日の業務内容を教えてください。,153,,89,"['153', '89']",['153'],['153'],"['153', '89']"
696,近所の騒音がうるさいです。,934 1071,,1503 1585,"['934', '1071', '1503', '1585']","['934', '1071']","['934', '1071']","['934', '1071', '1503', '1585']"
697,水道料金の振り込み口座を変更したいのです。受け付け窓口と持参するものを教えてください。,,,677,['677'],[],[],['677']
698,今の市長の名前は何ですか？,1320 585,,,"['1320', '585']","['1320', '585']","['1320', '585']","['1320', '585']"
699,大量のゴミを引き取ってくれるところを教えてください,1784,1391 3 210 1785,,"['1784', '1391', '3', '210', '1785']","['1784', '1391', '3', '210', '1785']",['1784'],"['1784', '1391', '3', '210', '1785']"
700,住所変更の手続きは何課に行けば良いですか？,,199 308 201,184,"['199', '308', '201', '184']","['199', '308', '201']",[],"['199', '308', '201', '184']"
701,夜間に結婚届を提出できますか？,153 952,,,"['153', '952']","['153', '952']","['153', '952']","['153', '952']"
702,健康保険証の切り替えはどうしたらいいですか？,114 845,231 360 736,84,"['114', '845', '231', '360', '736', '84']","['114', '845', '231', '360', '736']","['114', '845']","['114', '845', '231', '360', '736', '84']"
703,印鑑証明を変更したい。,196,529 42 1102 341,582 573 1597 1634,"['196', '529', '42', '1102', '341', '582', '573', '1597', '1634']","['196', '529', '42', '1102', '341']",['196'],"['196', '529', '42', '1102', '341', '582', '573', '1597', '1634']"
704,母子手帳はどこで貰えますか？,306 370,,733 716 659 594,"['306', '370', '733', '716', '659', '594']","['306', '370']","['306', '370']","['306', '370', '733', '716', '659', '594']"
705,市立公民館の利用申込みはどこに行ったら良いですか？,292 264,,663,"['292', '264', '663']","['292', '264']","['292', '264']","['292', '264', '663']"
706,転出届は転出予定日の何日前から出せますか？,8,204,,"['8', '204']","['8', '204']",['8'],"['8', '204']"
707,保険を変更したいのですがどうすれば出来ますか？,114 60 845,736 360,,"['114', '60', '845', '736', '360']","['114', '60', '845', '736', '360']","['114', '60', '845']","['114', '60', '845', '736', '360']"
708,無職ですが市民・県民税の課税証明書は取れますか？,124,984 412 15 735 443 385 325,35 137 10 99,"['124', '984', '412', '15', '735', '443', '385', '325', '35', '137', '10', '99']","['124', '984', '412', '15', '735', '443', '385', '325']",['124'],"['124', '984', '412', '15', '735', '443', '385', '325', '35', '137', '10', '99']"
709,尼崎市のシルバーセンターはどこですか？,171,,,['171'],['171'],['171'],['171']
710,ごみの分別方法を詳しく知りたいです。,1784,1391 3 210 100,,"['1784', '1391', '3', '210', '100']","['1784', '1391', '3', '210', '100']",['1784'],"['1784', '1391', '3', '210', '100']"
711,住民票を発行して欲しいのですが,150,1215 1041 1040,396 517 1426 62 447 1056,"['150', '1215', '1041', '1040', '396', '517', '1426', '62', '447', '1056']","['150', '1215', '1041', '1040']",['150'],"['150', '1215', '1041', '1040', '396', '517', '1426', '62', '447', '1056']"
712,尼崎市の子ども福祉医療受給は何歳までですか？,593,,375,"['593', '375']",['593'],['593'],"['593', '375']"
713,印鑑証明が欲しいのですが,529,582 42 573 1102 89 517 341 1597,213 1634,"['529', '582', '42', '573', '1102', '89', '517', '341', '1597', '213', '1634']","['529', '582', '42', '573', '1102', '89', '517', '341', '1597']",['529'],"['529', '582', '42', '573', '1102', '89', '517', '341', '1597', '213', '1634']"
714,確定申告をしたいのですが,,731 325 141,1136 339 336 1148,"['731', '325', '141', '1136', '339', '336', '1148']","['731', '325', '141']",[],"['731', '325', '141', '1136', '339', '336', '1148']"
715,ペットを飼い始めましたが登録とか必要ですか？,514,1110 1134 503 1670 1342,1499,"['514', '1110', '1134', '503', '1670', '1342', '1499']","['514', '1110', '1134', '503', '1670', '1342']",['514'],"['514', '1110', '1134', '503', '1670', '1342', '1499']"
716,お布団はどうやってゴミに出せばいいですか？,1784,210,,"['1784', '210']","['1784', '210']",['1784'],"['1784', '210']"
717,災害にあった時の避難場所は？,147 106 203 130 312 295 382,,,"['147', '106', '203', '130', '312', '295', '382']","['147', '106', '203', '130', '312', '295', '382']","['147', '106', '203', '130', '312', '295', '382']","['147', '106', '203', '130', '312', '295', '382']"
718,二人目の子どもの保育料ってどうなりますか？,,549 1281 862 941 1421,145 1340,"['549', '1281', '862', '941', '1421', '145', '1340']","['549', '1281', '862', '941', '1421']",[],"['549', '1281', '862', '941', '1421', '145', '1340']"
719,住民票が欲しいです,150,1215 1041 1040 846,396 1426 517 62 447 1056,"['150', '1215', '1041', '1040', '846', '396', '1426', '517', '62', '447', '1056']","['150', '1215', '1041', '1040', '846']",['150'],"['150', '1215', '1041', '1040', '846', '396', '1426', '517', '62', '447', '1056']"
720,幼稚園に通わせたいのですがどこへ問い合わせたら良い？,1263 781,212 523 266 1751 1207 305,,"['1263', '781', '212', '523', '266', '1751', '1207', '305']","['1263', '781', '212', '523', '266', '1751', '1207', '305']","['1263', '781']","['1263', '781', '212', '523', '266', '1751', '1207', '305']"
721,主人が海外転勤になりました。,671 143 385,349,,"['671', '143', '385', '349']","['671', '143', '385', '349']","['671', '143', '385']","['671', '143', '385', '349']"
722,子供の医療費助成について,593 375,,,"['593', '375']","['593', '375']","['593', '375']","['593', '375']"
723,免許の更新はどこで？,1745,,,['1745'],['1745'],['1745'],['1745']
724,引っ越しすることになりました,8 138 2,42 204,199 192 24 33 982 671 651 121,"['8', '138', '2', '42', '204', '199', '192', '24', '33', '982', '671', '651', '121']","['8', '138', '2', '42', '204']","['8', '138', '2']","['8', '138', '2', '42', '204', '199', '192', '24', '33', '982', '671', '651', '121']"
725,課税証明書の発行について,35,15,124 137 10,"['35', '15', '124', '137', '10']","['35', '15']",['35'],"['35', '15', '124', '137', '10']"
726,各種検診について,249 837,142 1485 1567 1532 1241 1423 682,14 4 1086 465 1276 489 998 398,"['249', '837', '142', '1485', '1567', '1532', '1241', '1423', '682', '14', '4', '1086', '465', '1276', '489', '998', '398']","['249', '837', '142', '1485', '1567', '1532', '1241', '1423', '682']","['249', '837']","['249', '837', '142', '1485', '1567', '1532', '1241', '1423', '682', '14', '4', '1086', '465', '1276', '489', '998', '398']"
727,結婚するんですが提出書類は？,,635,,['635'],['635'],[],['635']
728,死亡証明書はこちらで大丈夫ですか？,,89,,['89'],['89'],[],['89']
729,年金の切り替え手続きはどうすれば良い？,712 1063,314 469,83 143,"['712', '1063', '314', '469', '83', '143']","['712', '1063', '314', '469']","['712', '1063']","['712', '1063', '314', '469', '83', '143']"
730,不妊治療の補助金申請はどうすればいい？,11,,,['11'],['11'],['11'],['11']
731,婚姻届は何時まで受付してもらえますか？,952 635 42 153,,,"['952', '635', '42', '153']","['952', '635', '42', '153']","['952', '635', '42', '153']","['952', '635', '42', '153']"
732,ゴミの収集場所や曜日が知りたいです。,1784,63,,"['1784', '63']","['1784', '63']",['1784'],"['1784', '63']"
733,市立図書館はどうすれば利用できますか？,179 1123,288,109 1135 842 1279 1683 1472,"['179', '1123', '288', '109', '1135', '842', '1279', '1683', '1472']","['179', '1123', '288']","['179', '1123']","['179', '1123', '288', '109', '1135', '842', '1279', '1683', '1472']"
734,戸籍謄本がとれる場所を市役所以外でありますか？,119,153 656 952 635 883 1240 42,1131 19,"['119', '153', '656', '952', '635', '883', '1240', '42', '1131', '19']","['119', '153', '656', '952', '635', '883', '1240', '42']",['119'],"['119', '153', '656', '952', '635', '883', '1240', '42', '1131', '19']"
735,年金手帳の再発行をするにはどうすればいい？,,314 712 667 354 469,,"['314', '712', '667', '354', '469']","['314', '712', '667', '354', '469']",[],"['314', '712', '667', '354', '469']"
736,尼崎城が一般に公開されるのは何月からですか？,1723 1586,1620 1420 915 1550 1685 1674 1504,,"['1723', '1586', '1620', '1420', '915', '1550', '1685', '1674', '1504']","['1723', '1586', '1620', '1420', '915', '1550', '1685', '1674', '1504']","['1723', '1586']","['1723', '1586', '1620', '1420', '915', '1550', '1685', '1674', '1504']"
737,資源ごみの出し方はどうなっていますか？,1784,63 210 100,,"['1784', '63', '210', '100']","['1784', '63', '210', '100']",['1784'],"['1784', '63', '210', '100']"
738,母子手帳はどうすれば貰える？,306 370,,733 716 594 659,"['306', '370', '733', '716', '594', '659']","['306', '370']","['306', '370']","['306', '370', '733', '716', '594', '659']"
739,尼崎市内で引っ越しをしたのですがどのような手続きが必要ですか？,138,2 204 8,199,"['138', '2', '204', '8', '199']","['138', '2', '204', '8']",['138'],"['138', '2', '204', '8', '199']"
740,軽自動車税の分割納付はできますか,,1495 683,74,"['1495', '683', '74']","['1495', '683']",[],"['1495', '683', '74']"
741,アパートの隣の住民の騒音に悩んでいます。どのような対処が可能でしょうか？,1120,,,['1120'],['1120'],['1120'],['1120']
742,家の前の道にある無断駐輪の自転車は勝手に動かしてもいいのでしょうか？,293,,,['293'],['293'],['293'],['293']
743,生活保護の申請はどうすればいい？,298,,243,"['298', '243']",['298'],['298'],"['298', '243']"
744,引っ越しの時に燃えるゴミや燃えないゴミはどうすればよいですか？,1784,,1718,"['1784', '1718']",['1784'],['1784'],"['1784', '1718']"
745,健康づくりをするために安く利用できる施設はありますか？,67 815 1112 470,157 868,,"['67', '815', '1112', '470', '157', '868']","['67', '815', '1112', '470', '157', '868']","['67', '815', '1112', '470']","['67', '815', '1112', '470', '157', '868']"
746,自宅の庭に、スズメバチが巣を作って困っている。,177,,,['177'],['177'],['177'],['177']
747,害虫駆除はお願いできますか？,1117 727 420 1185,,1594 177,"['1117', '727', '420', '1185', '1594', '177']","['1117', '727', '420', '1185']","['1117', '727', '420', '1185']","['1117', '727', '420', '1185', '1594', '177']"
748,カラスが怖くて安心して外に出られないときがあります。何とかなりませんか？,185 511,,,"['185', '511']","['185', '511']","['185', '511']","['185', '511']"
749,のら犬が家の周りをうろついて困っている,,1134 514 1670 503 1499 1293,,"['1134', '514', '1670', '503', '1499', '1293']","['1134', '514', '1670', '503', '1499', '1293']",[],"['1134', '514', '1670', '503', '1499', '1293']"
750,自宅の前の歩道に、犬の死骸が放置してあります。どこに相談したら良いですか？,,1134 1670,,"['1134', '1670']","['1134', '1670']",[],"['1134', '1670']"
751,市民が無料で受けれるガン検診はありますか？,14 939,574 1144 1604 904 1590 1241,465 489 17,"['14', '939', '574', '1144', '1604', '904', '1590', '1241', '465', '489', '17']","['14', '939', '574', '1144', '1604', '904', '1590', '1241']","['14', '939']","['14', '939', '574', '1144', '1604', '904', '1590', '1241', '465', '489', '17']"
752,住民票の写しは、市役所でしか受け取れませんか？,62,70 1239 403 1102 444,213 447,"['62', '70', '1239', '403', '1102', '444', '213', '447']","['62', '70', '1239', '403', '1102', '444']",['62'],"['62', '70', '1239', '403', '1102', '444', '213', '447']"
753,新築をするのだが固定資産税の計算方法を知りたい,,237 683,1315,"['237', '683', '1315']","['237', '683']",[],"['237', '683', '1315']"
754,こどもを保育園に預けたいんだけど、どうすればいい？,966 908 674,1207,200 660,"['966', '908', '674', '1207', '200', '660']","['966', '908', '674', '1207']","['966', '908', '674']","['966', '908', '674', '1207', '200', '660']"
755,こどもを学童に行かせたいけど、どうすればいい？,111,,956 1575 1187 1632 1535 1536 1319,"['111', '956', '1575', '1187', '1632', '1535', '1536', '1319']",['111'],['111'],"['111', '956', '1575', '1187', '1632', '1535', '1536', '1319']"
756,確定申告はどこに行けばいい？,,339 1136 141 731 336 1148 124 99,325,"['339', '1136', '141', '731', '336', '1148', '124', '99', '325']","['339', '1136', '141', '731', '336', '1148', '124', '99']",[],"['339', '1136', '141', '731', '336', '1148', '124', '99', '325']"
757,生涯教育の無料セミナーは開催しているか？,1235 927,,,"['1235', '927']","['1235', '927']","['1235', '927']","['1235', '927']"
758,役所が夜間あいている日はありますか？,153,635 831,952,"['153', '635', '831', '952']","['153', '635', '831']",['153'],"['153', '635', '831', '952']"
759,市役所は何時に閉まりますか？,213,138 2,,"['213', '138', '2']","['213', '138', '2']",['213'],"['213', '138', '2']"
760,市役所は、土曜日も開いてますか？,42,,153,"['42', '153']",['42'],['42'],"['42', '153']"
761,粗大ゴミの収集はどうやって申請したらいい？,1784,210,,"['1784', '210']","['1784', '210']",['1784'],"['1784', '210']"
762,仕事を辞めたんでいろいろ手続きにきたんですが？,114 1223,,,"['114', '1223']","['114', '1223']","['114', '1223']","['114', '1223']"
763,印鑑証明に必要なものは何ですか？,529,444 341,582 1597 1634 213,"['529', '444', '341', '582', '1597', '1634', '213']","['529', '444', '341']",['529'],"['529', '444', '341', '582', '1597', '1634', '213']"
764,保育園の待機児童はどうやって調べたらいい？,1225,,,['1225'],['1225'],['1225'],['1225']
765,妊娠したらどんな手続きが必要？,370 198 306,,97 281,"['370', '198', '306', '97', '281']","['370', '198', '306']","['370', '198', '306']","['370', '198', '306', '97', '281']"
766,市職員になりたいのですがどうすれば良いですか？,367,1561,911 118,"['367', '1561', '911', '118']","['367', '1561']",['367'],"['367', '1561', '911', '118']"
767,大型ごみはどうやって捨てるの？,1784,210,,"['1784', '210']","['1784', '210']",['1784'],"['1784', '210']"
768,公民館を使いたいんだけど借りれる？,264,,663 292,"['264', '663', '292']",['264'],['264'],"['264', '663', '292']"
769,健康保険料が滞納になりそうですがどうすればいいですか？,740 874,451 997 248 553 700 1065 235 845,450,"['740', '874', '451', '997', '248', '553', '700', '1065', '235', '845', '450']","['740', '874', '451', '997', '248', '553', '700', '1065', '235', '845']","['740', '874']","['740', '874', '451', '997', '248', '553', '700', '1065', '235', '845', '450']"
770,介護保険サービスを受けたいのですがどうしたらいいですか？,9,108 72 33 24 132,69,"['9', '108', '72', '33', '24', '132', '69']","['9', '108', '72', '33', '24', '132']",['9'],"['9', '108', '72', '33', '24', '132', '69']"
771,ゴミの分別やゴミの日のチラシや冊子はどこでもらえるの？,1784,63,1391,"['1784', '63', '1391']","['1784', '63']",['1784'],"['1784', '63', '1391']"
772,子供が進学する小学校の学区を知りたいのですが。,221,1313 1392 1393,,"['221', '1313', '1392', '1393']","['221', '1313', '1392', '1393']",['221'],"['221', '1313', '1392', '1393']"
773,ゴミの分別方法と回収日が知りたい。,1784,63 210,978 1391,"['1784', '63', '210', '978', '1391']","['1784', '63', '210']",['1784'],"['1784', '63', '210', '978', '1391']"
774,健康相談はどこに聞けばいい？,361,1000,,"['361', '1000']","['361', '1000']",['361'],"['361', '1000']"
775,高額の医療費がかかった。何か控除はありますか？,557,,917,"['557', '917']",['557'],['557'],"['557', '917']"
776,粗大ゴミがあるんですけどどこに連絡したらいいですか？,,210,,['210'],['210'],[],['210']
777,子どもと一緒にボール遊びがしたいのですがどこならできますか？,,94,,['94'],['94'],[],['94']
778,生活保護申請はどうやってすればいいの？,298,,243,"['298', '243']",['298'],['298'],"['298', '243']"
779,保護犬の引き取りを希望していますがどうしたらいいですか？,,1134 503 514 1499 1670,1342,"['1134', '503', '514', '1499', '1670', '1342']","['1134', '503', '514', '1499', '1670']",[],"['1134', '503', '514', '1499', '1670', '1342']"
780,子供手当の申請はどうしたらいいの？,91 222 380 126,,1765 1757 263 1588,"['91', '222', '380', '126', '1765', '1757', '263', '1588']","['91', '222', '380', '126']","['91', '222', '380', '126']","['91', '222', '380', '126', '1765', '1757', '263', '1588']"
781,県外に引っ越しする場合の手続きを教えて下さい。,8,2 204 138 42,192 199 33 651 1118,"['8', '2', '204', '138', '42', '192', '199', '33', '651', '1118']","['8', '2', '204', '138', '42']",['8'],"['8', '2', '204', '138', '42', '192', '199', '33', '651', '1118']"
782,住民票を移すのはどうすれば良い？,8 138,150 447 62 70 1056 1215 846,,"['8', '138', '150', '447', '62', '70', '1056', '1215', '846']","['8', '138', '150', '447', '62', '70', '1056', '1215', '846']","['8', '138']","['8', '138', '150', '447', '62', '70', '1056', '1215', '846']"
783,マイナンバーカードを発行したいけれども、通知カードをなくした場合はどうすればいい？,,408 902 576 969 858 987,1269 1190 1400 692,"['408', '902', '576', '969', '858', '987', '1269', '1190', '1400', '692']","['408', '902', '576', '969', '858', '987']",[],"['408', '902', '576', '969', '858', '987', '1269', '1190', '1400', '692']"
